Clade (upper)|Clade|Order|Family|Taxonomic status|Accepted name|Accepted author|Genome size|Sexual system|Method for the primary characterisation of sex determining system|Miscellaneous genomic information|Source gen contents|Chromosome number|Ploidy level|Sex determination mechanism|Sex chromosomes MALE|Sex chromosomes FEMALE|Heteromorphic/homomorphic sex chromosomes|Source|species
Angiosperms|Eudicots|Caryophyllales|Amaranthaceae|Synonym|Amaranthus cuspidatus|Vis.||Dioecy|Study of sex ratios in interspecific crosses|||32||Male heterogamety|XY|XX|Homomorphic|Murray 1940|acnida_cuspidata
Angiosperms|Eudicots|Caryophyllales|Amaranthaceae|Synonym|Amaranthus palmeri|S. Watson|0.95|Dioecy|Illumina RNAseq based male specific STSs|||34 ( in some populations 32)|2x|Male heterogamety|XY|XX|Homomorphic|Montgomery et al 2019|acnida_palmeri
Angiosperms|Eudicots|Caryophyllales|Amaranthaceae|Synonym|Amaranthus tamariscinus|Nutt.||Dioecy|Study of sex ratios in interspecific crosses|||32|2x|Male heterogamety|XY|XX|Homomorphic|Murray 1940|acnida_tamariscina
Angiosperms|Eudicots|Caryophyllales|Amaranthaceae|Synonym|Amaranthus tuberculatus|(Moq.) J. D. Sauer|1.4|Dioecy|Study of sex ratios in interspecific crosses|||32|2x|Male heterogamety|XY|XX|Homomorphic|Murray 1940|acnida_tuberculata
Angiosperms|Eudicots|Ericales|Actinidiaceae|Accepted|Actinidia arguta|(Siebold & Zucc.) Planch. ex Miq.|3.10 (4x)|Dioecy|Study of sex ratios in interspecific crosses|||116|4x|Male heterogamety|XXXY|XXXX|Homomorphic|Testolin et al 1995|actinidia_arguta
Angiosperms|Eudicots|Ericales|Actinidiaceae|Accepted|Actinidia chinensis|Planch.|1.50|Dioecy|Genetic mapping of EST based markers|ACTINIDIA SPP. - FOR ALL - Gene SyGl (Shy girl) located in the Y-specific region. Type-C cytokinine response regulator, dominant supressor of carpel development.|Akagi et al 2018|58|2x|Male heterogamety|XY|XX|Homomorphic|Fraser et al 2009|actinidia_chinensis
Angiosperms|Eudicots|Ericales|Actinidiaceae|Accepted|Actinidia chinensis|Planch.|1.50|Dioecy|Genetic mapping of EST based markers|Two sex-linked random amplified polymorphic DNA (RAPD) markers identified from Actinidia chinensis were converted into sequence-characterised amplified regions (SCARs). Sex determining genes in linkage map, sex determining genes SmX and SmY (PCR, RAPD), sex-related SSR markers.|Gill et al 1998|58|2x|Male heterogamety|XY|XX|Homomorphic|Fraser et al 2009|actinidia_chinensis
Angiosperms|Eudicots|Ericales|Actinidiaceae|Accepted|Actinidia chinensis|Planch.|1.50|Dioecy|Genetic mapping of EST based markers|15 differentially expressed genes (DEGs) isolated and sequenced. 11 DEGs exhibited significant sequence similarity with known function of genes or ESTs of kiwifruit. KiwiDEG1 encodes partial open reading frame (ORF) for pectin methylesterase, which plays an important role in pollen development as a cell-wall modifying enzyme. It was abundantly expressed in male floral buds suggesting its functional role in pollen development. KiwiDEG9 - full-length ORF for adenosine diphosphate (ADP)-ribosylation factor, which is a small guanosine-5'-triphosphate (GTP)-binding protein and plays an essential role in vesicle trafficking. Its expression is higher in male floral buds.|Kim et al 2010|58|2x|Male heterogamety|XY|XX|Homomorphic|Fraser et al 2009|actinidia_chinensis
Angiosperms|Eudicots|Ericales|Actinidiaceae|Accepted|Actinidia chinensis|Planch.|1.50|Dioecy|Genetic mapping of EST based markers|Differentially expressed transcription factors between sexes. MYC and MYB transcription factor family.|Tang et al 2017|58|2x|Male heterogamety|XY|XX|Homomorphic|Fraser et al 2009|actinidia_chinensis
Angiosperms|Eudicots|Ericales|Actinidiaceae|Accepted|Actinidia chinensis|Planch.|1.50|Dioecy|Genetic mapping of EST based markers|AP2/ERF and bZIP TF families enriched in male flowers.|Tang et al 2017|58|2x|Male heterogamety|XY|XX|Homomorphic|Fraser et al 2009|actinidia_chinensis
Angiosperms|Eudicots|Ericales|Actinidiaceae|Accepted|Actinidia chinensis|Planch.|1.50|Dioecy|Genetic mapping of EST based markers|DEGs involved in pollen wall assembly up-regulated in male flowers. Some genes involved in cell wall loosening prominently expressed in male flowers.|Tang et al 2017|58|2x|Male heterogamety|XY|XX|Homomorphic|Fraser et al 2009|actinidia_chinensis
Angiosperms|Eudicots|Ericales|Actinidiaceae|Accepted|Actinidia chinensis|Planch.|1.50|Dioecy|Genetic mapping of EST based markers|13 ethylene-responsive TF's up-regulated in female flowers. Auxin - critical role in inducing femaleness through its stimulation of ethylene production, three auxin-induced transcripts - higher expression in female flowers.|Tang et al 2017|58|2x|Male heterogamety|XY|XX|Homomorphic|Fraser et al 2009|actinidia_chinensis
Angiosperms|Eudicots|Ericales|Actinidiaceae|Accepted|Actinidia chinensis|Planch.|1.50|Dioecy|Genetic mapping of EST based markers|A transcription factor (Achn128851) encoding a member of the DELLA protein family, an ortholog of the Gibberellin Insensitive (GAI) gene in Arabidopsis, had higher expression in female flowers. Polyamine oxidase gene (Achn112371) has higher expression in male flowers. Consistent with this, the role of PA in pollen development and germination has been previously demonstrated in kiwifruit|Tang et al 2017|58|2x|Male heterogamety|XY|XX|Homomorphic|Fraser et al 2009|actinidia_chinensis
Angiosperms|Eudicots|Ericales|Actinidiaceae|Accepted|Actinidia chinensis|Planch.|1.50|Dioecy|Genetic mapping of EST based markers|High-density RAD-seq-based genetic maps using an interspecific F1 cross between Actinidia rufa ‘MT570001’ and A. chinensis ‘Guihai No4’. Three sex-specific simple sequence repeats (SSR) markers can be used to accurately sex type male and female kiwifruit.|Zhang et al 2015|58|2x|Male heterogamety|XY|XX|Homomorphic|Fraser et al 2009|actinidia_chinensis
Angiosperms|Eudicots|Ericales|Actinidiaceae|Accepted|Actinidia chinensis|Planch.|4.19 (6x)|Dioecy||||116, 145, 174|4x, 5x, 6x|Male heterogamety|||Homomorphic|Li et al 2010|actinidia_chinensis
Angiosperms|Eudicots|Ericales|Actinidiaceae|Accepted|Actinidia chinensis|Planch.||Dioecy||||58|2x|Male heterogamety|XY|XX|Homomorphic|Jie 1983|actinidia_chinensis
Angiosperms|Eudicots|Ericales|Actinidiaceae|Accepted|Actinidia chinensis|Planch.||Dioecy||||58|2x|Male heterogamety|XY|XX|Homomorphic|Jie 1983|actinidia_chinensis
Angiosperms|Eudicots|Ericales|Actinidiaceae|Accepted|Actinidia chinensis|Planch.||Dioecy||||170 (172-174?)|6x|Male heterogamety|||Homomorphic|Jie 1983|actinidia_chinensis
Angiosperms|Eudicots|Ericales|Actinidiaceae|Accepted|Actinidia chinensis|Planch.||Dioecy||||58|2x|Male heterogamety|XY|XX|Homomorphic|Seal et al 2012|actinidia_chinensis
Angiosperms|Eudicots|Ericales|Actinidiaceae|Accepted|Actinidia deliciosa|(A.Chev.) C.F.Liang & A.R.Ferguson|4.40 (6x)|Dioecy and hermaphroditism|Study of sex ratios in interspecific crosses|||174|6x|Male heterogamety|XXXXXY / XXXXYY|XXXXXX|Homomorphic|Testolin et al 1995|actinidia_deliciosa
Angiosperms|Eudicots|Ericales|Actinidiaceae|Accepted|Actinidia deliciosa|(A.Chev.) C.F.Liang & A.R.Ferguson|4.40 (6x)|Dioecy and hermaphroditism||||174.0|6x|Male heterogamety|XXXXXY / XXXXYY|XXXXXX|Homomorphic|Seal et al 2012|actinidia_deliciosa
Angiosperms|Eudicots|Ericales|Actinidiaceae|Accepted|Actinidia deliciosa|(A.Chev.) C.F.Liang & A.R.Ferguson|4.40 (6x)|Dioecy|Genetic mapping of EST based markers|||58.0|2x|Male heterogamety|XY|XX|Homomorphic|Fraser et al 2009|actinidia_deliciosa
Angiosperms|Eudicots|Ericales|Actinidiaceae|Accepted|Actinidia eriantha|Benth.|1.52|Dioecy|Study of sex ratios in interspecific crosses|||58.0|2x|Male heterogamety|XY|XX|Homomorphic|Seal et al 2012|actinidia_eriantha
Angiosperms|Eudicots|Ericales|Actinidiaceae|||(Siebold & Zuccarini)||Dioecy|Shared male linked SSR markers with Actinia chinensis|||58.0||Male heterogamety|XY|XX|Homomorphic|Zhang et al 2015|actinidia_rufa
Angiosperms|Eudicots|Ericales|Actinidiaceae|Accepted|||||Shared male linked SSR markers with Actinia chinensis|The SDR region is subtelomeric and has a much lower gene density than the genome-wide average with mere 150 genes across the 5-Mb region. The SDR region is enriched for genes involved in reproduction and it contains several candidate sex-determination genes. Achn342721, a homologue to FBL17 in Arabidopsis, essential for male fertility and germ line proliferation29 and Achn226501, a homologue of Caleosin, involved in lipid storage in maturing seeds.|Zhang et al 2015|||Male heterogamety|||Homomorphic|Zhang et al 2015|actinidia_rufa_x_chinensis
Red algae|Rhodophyta|Ceramiales|Callithamniaceae|Accepted|Aglaothamnion oosumiense|Itono||Dioicy|Cytogenetic investigation|||||U/0|0 (male gametophyte V missing)|U||Chah et al 2004|aglaothamnion_oosumiense
Angiosperms|Eudicots|Asterales|Asteraceae|Accepted|Antennaria dioica|(L.) Gaertn.|6.64|Dioecy|Sex ratios in intraspecific crosses and in the progeny of hermaphrodites|Sex ratios suggest that the hermaphrodites are modified males and the Y chromososome can be probably inherited through female meiosis.|Von Ubisch 1936|28.0|2x|Male heterogamety|most probably XY|most probably XX|Homomorphic?|von Ubisch 1936|antennaria_dioica
Angiosperms|Eudicots|Santalales|Santalaceae|Accepted|Arceuthobium americanum|Nutt. ex A.Gray||Dioecy|RAPD based SCAR marker|||28.0|2x|Female heterogamety|ZZ|ZW|Homomorphic (incipient heteromorphic)|Dwarka et al 2011|arceuthobium_americanum
Angiosperms|Monocots|Asparagales|Asparagaceae|Accepted|Asparagus officinalis|L.|03.08|Dioecy|Primary trisomics used to assign sex locus to chromosome L5|both female suppressing and male promoting genes have been identified|Harkess et al 2017|20.0|2x|Male heterogamety|XY|XX|Homomorphic|Löptien 1979|asparagus_officinalis
Angiosperms|Eudicots|Caryophyllales|Amaranthaceae|Unresolved||||Dioecy|RAPD based SCAR marker|A 2075 base-pair (bp) male-specific DNA fragment generated with the OPAF-14 primer was identified.|Ruas et al 1998|18.0|2x|Male heterogamety|XY|XX|Homomorphic|Ruas et al 1998|atriplex_garrettii
Angiosperms|Eudicots|Rosales|Garryaceae|||Thunb.||Dioecy|RAPD based SCAR marker|||16, 32, 36||Male heterogamety|XY|XX||Maki 2009|aucuba_japonica
Angiosperms|Eudicots|Asterales|Asteraceae|Accepted|Baccharis coridifolia|DC.||Dioecy|Cytogenetic comparison of meiotic karyotypes in males and females|Translocations are manifested as a ring or chain of of 4 sex chromosomes in meiosis|Hunziker et al 2002|18||Male heterogamety|X1 X2 Y1 Y2|X1 X1 X2 X2|Homomorphic|Hunziker et al 2002|baccharis_coridifolia
Angiosperms|Monocots|Poales|Poaceae|Accepted|Borassus flabellifer|L.|17.20|Dioecy|RAPD|||32|2x|Male heterogamety|||Homomorphic|George et al 2007|borassus_flabellifer
Angiosperms|Eudicots|Rosales|Moraceae|||||Dioecy|AFLP based STS marker|||26||Male heterogamety|XY|XX||Lianjun et al 2012|broussonetia_papyrifera
Angiosperms|Eudicots|Curcubitales|Curcubitaceae|Accepted|Bryonia cretica|L.||Dioecy|No information; SCAR from Bryonia dioica does not work in B.cretica|||60|6x||||homomorphic|Oyama et al 2009|bryonia_cretica
Angiosperms|Eudicots|Cucurbitales|Cucurbitaceae|Accepted|Bryonia dioica|Jacq.||Dioecy|AFLP based SCAR marker|||20|2x|Male heterogamety|XY|XX|Homomorphic|Oyama et al 2009|bryonia_dioica
Angiosperms|Eudicots|Cucurbitales|Cucurbitaceae|Accepted|Bryonia multiflora|Boiss. & Heldr.||Dioecy|AFLP based SCAR marker|||20|2x||||homomorphic|Oyama et al 2009|bryonia_multiflora
Angiosperms|Eudicots|Curcubitales|Curcubitaceae|Accepted|Bryonia syriaca|Boiss.||Dioecy|AFLP based SCAR marker|||20|2x||||homomorphic|Oyama et al 2009|bryonia_syriaca
Angiosperms|Monocots|Poales|Poaceae|Accepted|Buchloe dactyloides|(Nutt.) Engelm.|1.59 (4x)|Dioecy|SRAP based marker|||36||Female heterogamety|ZZ|ZW|Homomorphic|Zhou et al 2011|buchloe_dactyloides
Angiosperms|Eudicots|Arecales|Arecaceae|Accepted|Calamus simplicifolius|C.F.Wei||Dioecy|RAPD based SCAR marker|||||Male heterogamety||||Li et al 2010|calamus_simplicifolius
Angiosperms|Eudicots|Rosales|Cannabaceae|Synonym|Cannabis sativa|L.||Dioecy|Cytogenetic analysis in metaphase|||20|2x|Male heterogamety|XY|XX|Heteromorphic|Yamada et al. 1943 reviewed by Sakamoto 1998|cannabis_indica
Angiosperms|Eudicots|Rosales|Cannabaceae|Synonym|Cannabis sativa|L.||Dioecy|Cytogenetic analysis in metaphase|||20|2x|Male heterogamety|XY|XX|Heteromorphic|Yamada et al. 1943 reviewed by Sakamoto 1998|cannabis_ruderalis
Angiosperms|Eudicots|Rosales|Cannabaceae|Accepted|Cannabis sativa|L.||Dioecy|Cytogenetic analysis in metaphase|RNAseq based study of the sex linked genes (SEX-DETector based). More than 500 sex linked genes identified and studied.|Prentout et al. 2019|20|2x|Male heterogamety|XY|XX|Heteromorphic|Yamada et al. 1943 reviewed by Sakamoto 1998|cannabis_sativa
Angiosperms|Eudicots|Rosales|Cannabaceae|Accepted|Cannabis sativa|L.||Dioecy and monoecy|Cytogenetic analysis including FISH|Y chromosome is longer than X.|Srivastava et al 1999|20|2x|Male heterogamety, X:0 (autosome) balance system|XY|XX|Heteromorphic|Karlov et al 2017|cannabis_sativa
Angiosperms|Eudicots|Brassicales|Caricaceae|Accepted|Carica papaya|L.|0.8|Trioecy|Sex ratios in intraspecific crosses and in the progeny of hermaphrodites|||18|2x|Male heterogamety|XY + XYh hermaphrodite|XX|Homomorphic|Storey 1976 cited by Liu et al 2004|carica_papaya
Bryophytes/mosses|Bryophyta|Dicranales|Ditrichaceae|Accepted|Ceratodon purpureus|(Hedw.) Brid.||Dioecy|Genetic mapping of AFLP based markers|Eight sex-linked EST-derived loci (CDC2, CPU011109, ga03f07, PPR, rpS15A-1, rpS15A-2, rpS18, rpS18A). Based on analyses of these loci, the nonrecombining portions of the U and V chromosomes expanded in at least two events (∼0.6–1.3 MYA and ∼2.8–3.5 MYA)|McDaniel et al 2013|26|2x|Male heterogamety|XY|XX|Heteromorphic|McDaniel et al 2007|ceratodon_purpureus
Bryophytes/mosses|Bryophyta|Dicranales|Ditrichaceae|Accepted|Ceratodon purpureus|(Hedw.) Brid.||Dioecy|Genetic mapping of AFLP based markers|||26|2x|Male heterogamety|XY|XX|Heteromorphic|McDaniel et al 2007|ceratodon_purpureus
Angiosperms|Eudicots|Asterales|Asteraceae|Accepted|Cirsium arvense|(L.) Scop.||Subdioecy|Sex ratios in interspecific crosses|||34, 68||Male heterogamety|XY|XX|Homomorphic|Correns 1928|cirsium_arvense
Angiosperms|Eudicots|Cucurbitales|Cucurbitaceae|Accepted|Coccinia grandiflora|Cogn. ex Engl.||Dioecy|Dioecy reported|||24|2x|||||Holstein 2015|coccinia_grandiflora
Angiosperms|Eudicots|Cucurbitales|Cucurbitaceae|Accepted|Coccinia grandis|(L.) Voigt||Dioecy|Cytogenetic analysis in mitosis and meiosis|CgY1 (MADS box gene); different distribution of repetitive DNA in male /female.|Bhowmick et al 2014|24|2x|Male heterogamety|XY|XX|Heteromorphic|Kumar and Viseveshwaraiah 1952|coccinia_grandis
Angiosperms|Eudicots|Cucurbitales|Cucurbitaceae|Accepted|Coccinia grandis|(L.) Voigt|0.9|Dioecy|Cytogenetic analysis in mitosis and meiosis|Largest known Y chromosome with a probable pseudo-autosomal region, mostly heterochromatic in nature. Repeats are enriched on the Y chromosome. A 144-bp centromeric satellite repeat (CgCent) is absent in Y but present in all other autosomal chromosomes and in the X chromosome. However, evidence shows that a certain satellite is accumulated in the Y chromosome. Ty1/copia and Ty3/gypsy superfamilies are accumulated in large Y chromosome. Genes involved in plant hormone signaling pathways, such as ACS, Asr1, CsIAA2, CS-AUX1, and TLP, and their crosstalk might play a critical role in the sex determination. Ethylene response-related genes were upregulated in female buds compared to male buds. AgNO3 treatment suppressed ethylene responses in Ag-Hermaphrodite flowers by downregulation of ethylene-responsive transcription factors leading to stamen development.|Devani et al 2017|24|2x|Male heterogamety|XY|XX|Heteromorphic|Kumar and Viseveshwaraiah 1952|coccinia_grandis
Angiosperms|Eudicots|Cucurbitales|Cucurbitaceae|Accepted|Coccinia grandis|(L.) Voigt|0.9|Dioecy and gynomonoecy|Cytogenetic analysis in mitosis and meiosis|The expression of the floral organ identity gene CgPI is higher in male flowers (in male plants) than female flowers (in female plants) but contradicted by high expression in female flowers and reduced expression in stamens of male flowers of the gynomonoecious plant.|Ghadge et al 2014|24|2x|Male heterogamety|XY|XX|Heteromorphic|Kumar and Viseveshwaraiah 1952|coccinia_grandis
Angiosperms|Eudicots|Cucurbitales|Cucurbitaceae|Accepted|Coccinia grandis|(L.) Voigt|0.9|Dioecy|Cytogenetic analysis in mitosis and meiosis|The transcription factors such as zinc fingers, homeodomain leucine zippers and MYBs were identified as major determinants of male specific expression. Detection of multiple differentially expressed genes (DEGs) as the miRNA target site implies that a small RNA mediated gene silencing cascade may also be regulating gender differentiation in C. grandis.|Mohanty et al 2017|24|2x|Male heterogamety|XY|XX|Heteromorphic|Kumar and Viseveshwaraiah 1952|coccinia_grandis
Angiosperms|Eudicots|Cucurbitales|Cucurbitaceae|Accepted|Coccinia grandis|(L.) Voigt|0.9|Dioecy|Cytogenetic analysis in mitosis and meiosis|FISH staining revealed 5S and 45S rDNA sites on autosomes but not on the Ychromosome, making it unlikely that rDNA contributed to the elongation of the Y chromosome.|Sousa et al 2013|24|2x|Male heterogamety|XY|XX|Heteromorphic|Kumar and Viseveshwaraiah 1952|coccinia_grandis
Angiosperms|Eudicots|Cucurbitales|Cucurbitaceae|Accepted|Coccinia grandis|(L.) Voigt|0.9|Dioecy|Cytogenetic analysis in mitosis and meiosis|The Y chromosome accumulates plastid DNA and mitochondrial-like sequences, especially at its interstitial region, and other chromosomes show either strong or weak signals in their pericentromeric regions.|Sousa et al 2016|24|2x|Male heterogamety|XY|XX|Heteromorphic|Kumar and Viseveshwaraiah 1952|coccinia_grandis
Angiosperms|Eudicots|Cucurbitales|Cucurbitaceae|Accepted|Coccinia grandis|(L.) Voigt|0.9|Dioecy|Cytogenetic analysis in mitosis and meiosis|A 144-bp centromeric satellite repeat (CgCent) present at all chromosomes except the Y is highly abundant in all centromeric regions of the other species, indicating that the centromeric sequence of the Y chromosome diverged very recently.|Sousa et al 2017|24|2x|Male heterogamety|XY|XX|Heteromorphic|Kumar and Viseveshwaraiah 1952|coccinia_grandis
Angiosperms|Eudicots|Cucurbitales|Cucurbitaceae|Accepted|Coccinia grandis|(L.) Voigt|0.9|Dioecy||||24|2x|Male heterogamety|XY|XX|Heteromorphic|Kumar and Viseveshwaraiah 1952|coccinia_grandis
Angiosperms|Eudicots|Cucurbitales|Cucurbitaceae|Accepted|Coccinia hirtella|Cogn.||Dioecy||||24|2x||||Heteromorphic|McKay 1930|coccinia_hirtella
Angiosperms|Eudicots|Cucurbitales|Cucurbitaceae|Synonym|Coccinia grandis|(L.) Voigt||Dioecy||||36|3x|Male heterogamety|XXY|XXX|Heteromorphic|Kumar and Viseveshwaraiah 1952|coccinia_indica
Angiosperms|Eudicots|Cucurbitales|Cucurbitaceae|Synonym|Coccinia grandis|(L.) Voigt||Dioecy||||48 (colchicine induced tetraploids)|4x (colchicine induced tetraploids)|Male heterogamety|XXYY|XXXX|Heteromorphic|Kumar and Viseveshwaraiah 1952|coccinia_indica
Angiosperms|Eudicots|Cucurbitales|Cucurbitaceae|Synonym|Coccinia grandis|(L.) Voigt||Dioecy||||24|2x|Male heterogamety|XY|XX|Heteromorphic|Kumar and Viseveshwaraiah 1952|coccinia_indica
Angiosperms|Eudicots|Cucurbitales|Cucurbitaceae|Synonym|Coccinia grandis|(L.) Voigt|0.9|Dioecy|Cytogenetic analysis in mitosis and meiosis|one Y chromosome is able to cause maleness in artificial polyploids; i. e. active role of Y-chromosome is supported|Roy and Roy 1971 cited by Sousa et al 2016|24|2x|Male heterogamety|XY|XX|Heteromorphic|Kumar and Viseveshwaraiah 1952|coccinia_indica
Angiosperms|Eudicots|Sapindales|Burseraceae|Accepted|Commiphora wightii|(Arn.) Bhandari||Subdioecy|RAPD based markers|||26||Female heterogamety (confirmation necessary)||||Samantaray et al 2010|commiphora_wightii
Angiosperms|Eudicots|Asterales|Asteraceae|Synonym|Leptinella calcarea|(D.G.Lloyd) D.G.Lloyd & C.J.Webb||Dioecy|Study of sex ratios in interspecific crosses|||104||Female heterogamety|ZZ|ZW|Homomorphic|Lloyd 1975|cotula_calcarea
Angiosperms|Eudicots|Asterales|Asteraceae|Synonym|Leptinella dioica ssp. dioica|Hook. f.||Dioecy|Study of sex ratios in interspecific crosses|||260||Female heterogamety|ZZ|ZW|Homomorphic|Lloyd 1975|cotula_dioica
Angiosperms|Eudicots|Asterales|Asteraceae|Synonym|Leptinella pusilla|Hook. f.||Dioecy|Study of sex ratios in interspecific crosses|||104||Female heterogamety|ZZ|ZW|Homomorphic|Lloyd 1975|cotula_perpussilla
Angiosperms|Eudicots|Asterales|Asteraceae|Synonym|Leptinella squalida|Hook. f.||Dioecy|Study of sex ratios in interspecific crosses|||152, 208, 260||Female heterogamety|ZZ|ZW|Homomorphic|Lloyd 1975|cotula_squalida
Gymnosperms|Cycadophyta|Cycadales|Cycadaceae|Accepted|Cycas circinalis|L.||Dioecy|RAPD based marker|||22|2x|Male heterogamety|XY|XX|Heteromorphic|Gangopadhyay et al 2007|cycas_circinalis
Gymnosperms|Cycadophyta|Cycadales|Cycadaceae|Accepted|Cycas edentata|de Laub.||Dioecy|Only expression profiles no information about sex determination|A gene called Ft-1 (fortune-1) is expressed in male reproduction organs.|Zhang et al 2002|22|2x|||||Zhang et al 2002|cycas_edentata
Gymnosperms|Cycadophyta|Cycadales|Cycadaceae|Accepted|Cycas pectinata|Buch.-Ham.||Dioecy|Cytogenetic analysis in mitosis and meiosis|||22|2x|Male heterogamety|XY|XX|Heteromorphic|Abraham and Mathew 1962|cycas_pectinata
Gymnosperms|Cycadophyta|Cycadales|Cycadaceae|Accepted|Cycas revoluta|Thunb.||Dioecy|Cytogenetic analysis in mitosis|||22|2x|Male heterogamety|XY|XX|Heteromorphic|Segawa et al 1971|cycas_revoluta
Angiosperms|Eudicots|Rosales|Rosaceae|Unresolved||||Dioecy (Gynodioecious populations also exists)|Based on sex ratios in reciprocal crossess between hermaphrodite and dioecious forms||Grewal and Ellis 1972|14, 28, 42, 56|2x, 4x, 6x, 8x|Female heterogamety|ZZ|ZW||Grewal and Ellis 1972|dasiphora_fruticosa
Angiosperms|Eudicots|Cucurbitales|Datiscaceae|Accepted|Datisca cannabina|L.|2.3|Dioecy|AFLP mapping|||22|2x|Male heterogamety|XY|XX|Homomorphic|Wolf et al 2001|datisca_cannabina
Angiosperms|Eudicots|Cucurbitales|Datiscaceae|Accepted|Datisca glomerata|(C.Presl) Baill.||Androdioecy|AFLP mapping|||22|2x|Male heterogamety|XY|XX (hermaphrodites)|Homomorphic|Wolf et al 2001|datisca_glomerata
Angiosperms|Eudicots|Dioscoreales|Dioscoreaceae|Accepted|Dioscorea alata|L.||Dioecy|high‑density genetic map based on DNAseq and GBS|The genome of this species has been sequenced|Cormier et al 2019|40, 80|4x, 8x|Male heterogamety|XY|XX|Homomorphic|Cormier et al 2019|dioscorea_alata
Angiosperms|Eudicots|Dioscoreales|Dioscoreaceae|Unresolved||||Dioecy|Cytogenetic analysis in mitosis and meiosis|||20|2x|Female heterogamety|ZZ|ZW|Heteromorphic|Bhat and Bindroo 1980|dioscorea_deltoidea
Angiosperms|Eudicots|Dioscoreales|Dioscoreaceae|Accepted|Dioscorea floribunda|M.Martens & Galeotti||Dioecy||||40|4x|Male heterogamety|XXYY|XXXX|Homomorphic|reviewed by Kumar et al 2014|dioscorea_floribunda
Angiosperms|Eudicots|Dioscoreales|Dioscoreaceae|Synonym|Dioscorea cayennensis subsp. rotundata|(Poir.) J.Miège||Dioecy|High density linkage map using restriction site associated DNA (RAD)-tags; genome sequencing|They identified two DNA markers, sp1 (linked to the putative Z-linked region) and sp16 (presumably located within the putative W-linked region, which in TDr96_F1 is presumed to be ZW, and spans only 161 kb). The chromosomes carrying the Z- and W-linked regions are probably not strongly differentiated, and diverged sequences corresponding to Z and W chromosomes were not recovered in our reference genome.|Tamiru et al 2017|40|2x|Female heterogamety|ZZ|ZW|Homomorphic|Tamiru et al 2017|dioscorea_rotundata
Angiosperms|Eudicots|Dioscoreales|Dioscoreaceae|Accepted|Dioscorea tokoro|Makino ex Miyabe|0.89|Dioecy|AFLP mapping|||20|2x|Male heterogamety|XY|XX|Homomorphic|Terauchi and Kahl 1999|dioscorea_tokoro
Angiosperms|Eudicots|Ericales|Ebenaceae|Accepted|Diospyros kaki|L.f.|0.9|Gynodioecy (but monoecious and male individuals also exits; polygamy)|AFLP based SCAR marker|Primer combination (E-TGT/M-AAT) yielded a male-specific band, named DlSx-AF4 and this marker could be converted to a SCAR marker, named DlSx-AF4S. This marker is called AB909127 in the International Nucleotide Sequence Database Collaboration (INSDC)|Akagi et al 2014a|90, 135|6x, 9x|Male heterogamety|XY|XX||Akagi et al 2014a|diospyros_kaki
Angiosperms|Eudicots|Ericales|Ebenaceae|Accepted|Diospyros kaki|L.f.|0.9|Gynodioecy (but monoecious and male individuals also exits; polygamy)|AFLP based SCAR marker|The basic sex determining determining mechanismis similar to D. lotus but methylation of MeGI gene (unmethylated MeGi gene promotes gynoecium development)|Akagi et al 2014a|90, 135|6x, 9x|Male heterogamety|XY|XX||Akagi et al 2014a|diospyros_kaki
Angiosperms|Eudicots|Ericales|Ebenaceae|Accepted|Diospyros lotus|L.|1.74|Dioecy|AFLP based SCAR marker|A single gene or haploblock sex determination where male is dominant over female The sex-determinant male specific candidate gene OGI, encodes small RNA regulating the MeGI gene in D. lotus. -OGI gene is surrounded with highly repetitive DNA sequences which are mainly male-speciifc region.|Akagi et al 2014b|30|2x|Male heterogamety|XY|XX||Akagi et al 2014a|diospyros_lotus
Angiosperms|Eudicots|Ericales|Ebenaceae|Accepted|Diospyros lotus|L.|1.74|Dioecy|AFLP based SCAR marker|In Diospyros, small RNA mediated sex-determination is thought to be the key factor regulating sex of the organism.|Bräutigam et al 2017|30|2x|Male heterogamety|XY|XX||Akagi et al 2014a|diospyros_lotus
Angiosperms|Monocots|Poales|Poaceae|Accepted|Distichlis spicata|(L.) Greene||Dioecy|RAPD besed SCAR marker|||14, 20, 40||Female heterogamety|ZZ|ZW||Eppley et al 2009|distichlis_spicata
Angiosperms|Eudicots|Cucurbitales|Cucurbitaceae|Accepted|Ecballium elaterium|(L.) A.Rich.|2.49|Dioecy|Intraspecific crosses betwen dioecious and monoecious forms|Sex is determined by genomic locus localized on structurally and functionally undifferentiated pair of autosomes.|Kejnovsky et al 2009|18|2x|Male heterogamety|XY|XX|Homomorphic|Galan 1946 reviewed by Mather 1949|ecballium_elaterium
Brown algae|Ocrophyta|Ectocarpales|Ectocarpaceae|||||Dioicy|Sequencing and genomic analysis of the sex determining region|||||U/V|V|U||Ahmed et al 2014|ectocarpus_sp.
Angiosperms|Monocots|Alismatales|Hydrochariceae|Synonym|Egeria densa|Planch.|15.68|Dioecy|Cytogenetic analysis in meiosis|||48|2x|Male heterogamety|XY|XX|Heteromorphic|Santos 1924|elodea_gigantea
Angiosperms|Eudicots|Ericales|Ericaceae|Accepted|Empetrum nigrum|L.|1.29|Dioecy||||26|2x|||||Suda et al 2004|empetrum_nigrum
Gymnosperms|Cycadophyta|Cycadales|Zamiaceae|Accepted|Encephalartos natalensis|R.A.Dyer & Verdoorn||Dioecy|RAPD based marker|||22|2x|Female heterogamety|ZZ|ZW||Prakash and Van Staden 2006|encephalartos_natalensis
Gymnosperms|Gnetophyta|Gnetales|Ephedraceae|Accepted|Ephedra foliata|Boiss. ex C.A.Mey.||Dioecy||||14|2x|Male heterogamety|XY|XX|Heteromorphic|Mehra and Khitha 1981|ephedra_foliata
Gymnosperms|Gnetophyta|Gnetales|Ephedraceae|Accepted|Ephedra gerardiana|Wall. ex Stapf||Dioecy|Cytogenetic analysis in mitosis and meiosis|||14.0|2x|Male heterogamety|XY|XX|Heteromorphic|Mehra and Khitha 1981|ephedra_gerardiana
Gymnosperms|Gnetophyta|Gnetales|Ephedraceae|Accepted|Ephedra intermedia|Schrenk & C.A.Mey.||Dioecy and hermaphroditism|Cytogenetic analysis in mitosis and meiosis|||24.0|4x|||||Mehra and Khitha 1981|ephedra_intermedia
Angiosperms|Eudicots|Garryales|Eucommiaceae|Accepted|Eucommia ulmoides|Oliv.|1.31|Dioecy|RAPD based SCAR marker|||34.0|2x|Female heterogamety|ZZ|ZW||Xu et al|eucommia_ulmoides
Green algae|Clorophyta|Chlamydomonadales|Volvocaceae|||||Dioicy|Whole genome sequencing in both sexes|The non-recombining regions of U and V show reduced size in comparison this the mating type regions of the related isogamous species|Hamaji et al 2018|||U/V|V|U||Hamaji et al 2018|eudorina_sp.
Angiosperms|Eudicots|Ericales|Pentaphylacaceae|Accepted|Eurya japonica|Thunb.||Subdioecy||||42.0||||||Wang et al 2015|eurya_japonica
Angiosperms|Eudicots|Rosales|Moraceae|Accepted|Ficus carica|L.|0.73|Functional dioecy|Simple sequence repeat (SSR) markers based high density linkage map; genome sequencing|RESPONSIVE-TO-ANTAGONIST1 (RAN1) orthologue is putative sex determining gene (suppressing ethylene perception and so inducing stamen formation)|Mori et al 2017|26.0|2x|Male heterogamety|XY|XX|Homomorphic|Mori et al, 2017|ficus_carica
Angiosperms|Eudicots|Rosales|Moraceae|Accepted|Ficus fulva|Reinw. ex Blume||Functional dioecy|AFLP based SCAR marker|||26.0|2x|Male heterogamety|XY|XX||Parrish et al 2004|ficus_fulva
Angiosperms|Eudicots|Rosales|Rosaceae|Accepted|Fragaria chiloensis|(L.) Mill.||Dioecy|Genetic mapping of SSRs and gene-ESTs|Genetic mapping of sex determining loci shows female heterogamety|Golgberg et al 2010|56.0|8x|Female heterogamety|ZZ|ZW|Homomorphic|Golgberg et al 2010|fragaria_chiloensis
Angiosperms|Eudicots|Rosales|Rosaceae|Accepted|Fragaria chiloensis|(L.) Mill.||Dioecy|Genetic mapping of SSRs and gene-ESTs|SDR (sex-determining region) is about 280kb and modestly diverged with different recombination rate in male (higher) and female (lower).|Tennessen et al 2016|56.0|8x|Female heterogamety|ZZ|ZW|Homomorphic|Golgberg et al 2010|fragaria_chiloensis
Angiosperms|Eudicots|Rosales|Rosaceae|Accepted|Fragaria chiloensis|(L.) Mill.||Dioecy|Genetic mapping of SSRs and gene-ESTs|Sex determining regions (SDR) in chromosome VI of the Av subgenome (37 Mb). Two linked loci in sex chromosomes for androeacial function (A) and gynoecial function (G).|Wei et al 2017|56.0|8x|Female heterogamety|ZZ|ZW|Homomorphic|Golgberg et al 2010|fragaria_chiloensis
Angiosperms|Eudicots|Rosales|Rosaceae|Accepted|Fragaria moschata|(Duchesne) Duchesne||Dioecy|Sex ratios in interspecific crosses|||42|6x|Female heterogamety|ZZ|ZW|Homomorphic|Lilienfeld 1936 cited by Westergaard 1958|fragaria_moschata
Angiosperms|Eudicots|Rosales|Rosaceae|Accepted|Fragaria virginiana|Mill.||Subdioecy|Genetic mapping of SSRs|In wild North American octoploid strawberries a short (13 kb) sequence was observed in all females and never in males, implicating it as the sex-determining region (SDR). This female-specific “SDR cassette” contains both a gene with a known role in fruit and pollen production and a novel retrogene absent on Z and autosomal chromosomes|Tennessen et al 2018|56|8x|Female heterogamety|ZZ|ZW|Homomorphic|Spigler et al 2008|fragaria_virginiana
Angiosperms|Eudicots|Rosales|Rosaceae|Accepted|Fragaria virginiana|Mill.||Subdioecy|Genetic mapping of SSRs|Sex determining region (SDR) in chromosome VI of B2 subgenome (0-5.5 Mb).|Wei et al 2017|56|8x|Female heterogamety|ZZ|ZW|Homomorphic|Spigler et al 2008|fragaria_virginiana
Angiosperms|Eudicots|Rosales|Rosaceae|Accepted|Fragaria x ananassa|(Nutt. ex Howell) Staudt (pro nm.)|1.22 (8x)|Subdioecy|Genetic mapping of the markers based on SSR and genes|Male sterility region in sex-determining chromosome.|Govindarajulu et al 2013|56|8x|Female heterogamety||||Govindarajulu et al 2013|fragaria_x_ananassa
Bryophytes/liverworts|Bryophyta|Jungermanniales|Jubulaceae|Accepted|Frullania dilatata|(L.) Dumort.||Dioecy|Cytogenetic analysis|||16, 17|2x|U/V|V|U1 U2|Heteromorphic|Lorbeer 1934 and Tatuno 1941 cited by Renner at al 2017|frullania_dilatata
Bryophytes/liverworts|Bryophyta|Porellales|Frullaniaceae|Unresolved||||Dioecy|Cytogenetic analysis|||9 (haploid)|x|Male heterogamety|XY|XX|Heteromorphic|Berrie 1957|frullania_squarrosa
Angiosperms|Eudicots|Malpighiales|Clusiaceae|Accepted|Garcinia indica|(Thouars) Choisy||Dioecy|RAPD based SCAR marker|male specific SCAR marker|Joseph et al 2015|48, 54||Male heterogamety|XY|XX||Joseph et al 2015|garcinia_indica
Gymnosperms|Ginkgophyta|Ginkgoales|Ginkgoaceae|Accepted|Ginkgo biloba|L.||Dioecy|Genome wide association study (GWAS)|||24|2x|Male heterogamety|XY|XX|Heteromorphic|Newcomer 1954 and Pollock 1957 confirmed by Zhang et al 2019|ginkgo_biloba
Angiosperms|Eudicots|Rosales|Elaeagnaceae|Synonym|Elaeagnus rhamnoides|(L.) A.Nelson||Dioecy|Cytogenetic analysis and RAPD|Expression analysis of female/male flower buds, identification of genes involved in sex determination (GISD). 21 genes were found to differentially express in either male or female flower bud stages.|Chawla et al 2015|22, 24|2x|Male heterogamety|XY|XX|Heteromorphic|Shchapov 1979 reviewed and confirmed by Persson and Nybon 1998|hippophae_rhamnoides
Angiosperms|Eudicots|Rosales|Elaeagnaceae|Synonym|Elaeagnus rhamnoides|(L.) A.Nelson||Dioecy|Cytogenetic analysis and RAPD|HRML - gender-specific SCAR marker (HRML locus is flanked by two inactive retrotransposons, that is, Ty3-gypsy at the 5′ end and Ty1-copia at the 3′ end). ~7 kb region named as HRMSSR (H. rhamnoides sex-specific region).|Mangla et al 2019|22, 24|2x|Male heterogamety|XY|XX|Heteromorphic|Shchapov 1979 reviewed and confirmed by Persson and Nybon 1998|hippophae_rhamnoides
Angiosperms|Eudicots|Rosales|Elaeagnaceae|Synonym|Elaeagnus rhamnoides|(L.) A.Nelson||Dioecy|Cytogenetic analysis and RAPD|Satellite repeats HRTR1and HRTR8 are localized on X chromosome where HRTR8 is particularly accumulated on X chromosome. Satellite family HRTR12 is specific to Y. Sex chromosome-accumulated HRTR2 is common for both X and Y. Transposable elements like Ty3-gysy (CRM, Chromovirus, Athila) and Ty1-copia (TAR) are localized at the subtelomere region of the sex chromosome. All transposable elements represented together 24% of male and 23% of female genome. Ty1/Copia retrotransposons formed 12%, Ty3/Gypsy retrotransposons 11% and DNA transposons 1.5% of male genome.|Puterova et al 2017|22, 24|2x|Male heterogamety|XY|XX||Shchapov 1979 reviewed and confirmed by Persson and Nybon 1998|hippophae_rhamnoides
Angiosperms|Eudicots|Rosales|Elaeagnaceae|Synonym|Elaeagnus rhamnoides|(L.) A.Nelson||Dioecy|Cytogenetic analysis and RAPD|The sex-specific SCAR marker Hrcx-15.|Zhou et al 2018|22, 24|2x|Male heterogamety|XY|XX|Heteromorphic|Shchapov 1979 reviewed and confirmed by Persson and Nybon 1998|hippophae_rhamnoides
Angiosperms|Eudicots|Caryophyllales|Caryophyllaceae|Accepted|Honckenya peploides|(L.) Ehrh.|8.66|Subdioecy|Sex ratios in the progeny of selfed androhermaphrodite|||68|4x|Male heterogamety|XXXY|XXXX|Homomorphic|Malling et al 1957|honckenya_peploides
Angiosperms|Eudicots|Rosales|Cannabaceae|Synonym|Humulus scandens|(Lour.) Merr.||Dioecy|Cytogenetic analysis in mitosis and meiosis|H. japonicus sex chromosomes-specific DNA library was created and compared sequences with H. lupulus and C. sativa, using the laser microdissection. HJSR - KpnI species specific subtelomeric repeat are found on one arm of the X chromosome and both arms of Y1. HJSR repeats are not present in Y2 chromosome. - Male specific transposable elements (TEs) are identified. The ISSR primer K16 demonstrated stable amplification of an approximately 300bp fragment in all male plants and the lack of amplification in all female plants.|Aleksandrov et al 2011|16, 17|2x|Male heterogamety, X:0 (autosome) balance system|X Y1 Y2|XX|Heteromorphic|Kihara and Hiratoshi 1932 confirmed and made more precise by Jacobsen 1957|humulus_japonicus
Angiosperms|Eudicots|Rosales|Cannabaceae|Synonym|Humulus scandens|(Lour.) Merr.||Dioecy|Cytogenetic analysis in mitosis and meiosis|H. japonicus sex chromosomes-specific DNA library was created and compared sequences with H. lupulus and C. sativa, using the laser microdissection. HJSR - KpnI species specific subtelomeric repeat are found on one arm of the X chromosome and both arms of Y1. HJSR repeats are not present in Y2 chromosome. - Male specific transposable elements (TEs) are identified. The ISSR primer K16 demonstrated stable amplification of an approximately 300bp fragment in all male plants and the lack of amplification in all female plants.|Li et al 2016|16, 17|2x|Male heterogamety, X:0 (autosome) balance system|X Y1 Y2|XX|Heteromorphic|Kihara and Hiratoshi 1932 confirmed and made more precise by Jacobsen 1956|humulus_japonicus
Angiosperms|Eudicots|Rosales|Cannabaceae|Accepted|Humulus lupulus|L.||Dioecy|Cytogenetic analysis in mitosis and meiosis|Sex determining locus with suppresion of recombination. Y chromosome smaller than X chromosome. High copy sequence of hop (HSR1) present in the long arm of both X (subtelomeric and near-centromeric region) and Y (telomeric). All chromosomes including sex chromsome have subtelomeric KpnI-repeats.|Divashuk et al 2011|20|2x|Male heterogamety, X:0 (autosome) balance system|XY|XX|Heteromorphic|Winge 1923 confirmed by Jacobsen 1957|humulus_lupulus
Angiosperms|Eudicots|Rosales|Cannabaceae|Accepted|Humulus lupulus|L.||Dioecy|Cytogenetic analysis in mitosis and meiosis|MSR (male specific region) and PAR (pseudoautosomal region) identified in hops.Acetyl-CoA carboxylase 1 gene found within the PAR region (helps catalyze the first step of the humulone biosynthesis pathway.) WRKY domain binding protein also exists on the PAR.|Hill et al 2016|20|2x|Male heterogamety, X:0 (autosome) balance system|XY|XX|Heteromorphic|Winge 1923 confirmed by Jacobsen 1957|humulus_lupulus
Angiosperms|Eudicots|Rosales|Cannabaceae|Accepted|Humulus lupulus|L.||Dioecy|Cytogenetic analysis in mitosis and meiosis|HlAGA7 microsatellite allele, male-specific, higly variable in the germplasm. Sex-linked marker.|Jaksa et al 2008|20|2x|Male heterogamety, X:0 (autosome) balance system|XY|XX|Heteromorphic|Winge 1923 confirmed by Jacobsen 1957|humulus_lupulus
Angiosperms|Eudicots|Rosales|Cannabaceae|Accepted|Humulus lupulus|L.||Dioecy|Cytogenetic analysis in meiosis|||20|2x|Male heterogamety, X:0 (autosome) balance system|X1 X2 Y1 Y2|X1 X1 X2 X2|Heteromorphic|Ono 1937 (in Japanese with English summary)|humulus_lupulus
Angiosperms|Eudicots|Rosales|Cannabaceae|Accepted|Humulus scandens|(Lour.) Merr.||Dioecy|Cytogenetic analysis in mitosis with FISH|||17, 16|2x|Male heterogamety, X:0 (autosome) balance system|X Y1 Y2|XX||Alexandrov et al 2012|humulus_scandens
Angiosperms|Eudicots|Rosales|Cannabaceae|Accepted|Humulus yunnanensis|Hu||Dioecy||||21, 20|2x|Male heterogamety, X:0 (autosome) balance system|X Y1 Y2|XX|Heteromorphic|reviewed by Kumar et al 2014|humulus_yunnanensis
Angiosperms|Eudicots|Malpighiales|Salicaceae|Accepted|Idesia polycarpa|Maxim.||Dioecy|RAPD based SCAR marker|Female specific SCAR marker|Wang et al 2015|44|2x|Female heterogamety|ZZ|ZW|Homomorphic|Wang et al 2015|idesia_polycarpa
Angiosperms|Eudicots|Aquifoliales|Aquifoliaceae|Accepted|Ilex paraguariensis|A.St.-Hil.|2.2|Functional dioecy|Unsuccessful attempt to isolated sex associated sequences via RDA and SSCP screening of the candidates|||40|2x||||Homomorphic?|Gottlieb and Poggio 2010|ilex_paraguariensis
Angiosperms|Eudicots|Brassicales|Brassicaceae|Accepted|Lepidium sisymbryoides|Hook.|1.27|Dioecy|Dioecy reported|Phylogenetic and cytogenetic study showing that Lepidium sisymbryoides is allooctoploid|Soza et al 2014|64|8x|||||Bateman 1955|lepidium_sisymbryoides
Angiosperms|Eudicots|Proteales|Proteaceae|Accepted|Leucadendron xanthoconus|K. Schum.||Dioecy|Dioecy and sexual dimorphism reported|||26||||||Harris and Pannell 2010|leucadendron_xanthoconus
Angiosperms|Eudicots|Laurales|Lauraceae|Accepted|Litsea cubeba|(Lour.) Pers.||Dioecy|SRAP based SCAR marker|Female associated SCAR marker|Wu et al 2015|24|2x|Female heterogamety|ZZ|ZW|Homomorphic|Wu et al 2015|litsea_cubeba
Bryophytes/liverworts|Marchantiophyta|Marchantiales|Marchantiaceae|Synonym|Marchantia papillata subsp. inflexa (Nees & Mont.) R.M. Schust.|(Nees & Mont.) R.M. Schust.|||sequencing and draft assembly of the male and female genomes, validation of sex specific markers with PCR|||9 (haploid)||U/V|V|U||Marks et al 2019|marchantia_inflexa
Bryophytes/liverworts|Marchantiophyta|Marchantiales|Marchantiaceae|Accepted|Marchantia polymorpha|L.||Dioicy|Construction and screening of male and female PAC genomic libraries|Two female-specific and six male-specific DNA fragments were genetically confirmed to originate from the X and Y chromosomes - isolation of X and Y chromosome-specific DNA markers.|Fujisawa et al 2001|9 (haploid)|x|U/V|V|U|Heteromorphic|Okada et al 2000|marchantia_polymorpha
Bryophytes/liverworts|Marchantiophyta|Marchantiales|Marchantiaceae|Accepted|Marchantia polymorpha|L.||Dioicy|Construction and screening of male and female PAC genomic libraries|On the 10 megabase (Mb) Y chromosome, 64 genes are identified, 14 of which are detected only in the male genome. These 14 genes are expressed in reproductive organs but not in vegetative thalli, suggesting their participation in male reproductive functions.|Fujisawa et al 2001|9 (haploid)|x|U/V|V|U|Heteromorphic|Okada et al 2000|marchantia_polymorpha
Bryophytes/liverworts|Marchantiophyta|Marchantiales|Marchantiaceae|Accepted|Marchantia polymorpha|L.||Dioicy|Construction and screening of male and female PAC genomic libraries|In the haploid dioecious liverwort, Marchantia polymorpha, the X chromosome, but not the Y, carries a cluster of ribosomal RNA genes (rDNAs). Sequences of 5S, 17S, 5.8S and 26S rDNAs are highly conserved (>99% identity) between the X chromosomal and autosomal rDNA repeat units, but the intergenic spacer sequences differ considerably. 615-bp DNA fragment in the intergenic spacer, X615, which has accumulated predominantly in the rDNA cluster of the X chromosome. These observations suggest that the rDNA repeat unit on the X chromosome evolved independently of that on autosomes, incorporating sex chromosome-specific sequences.|Fujisawa et al 2003|9 (haploid)|x|U/V|V|U|Heteromorphic|Okada et al 2000|marchantia_polymorpha
Bryophytes/liverworts|Marchantiophyta|Marchantiales|Marchantiaceae|Accepted|Marchantia polymorpha|L.||Dioicy|Construction and screening of male and female PAC genomic libraries|Several chromosome-specific sequence elements of approximately 70 to 400 nt are combined into larger arrangements, which in turn are assembled into extensive Y chromosome-specific stretches. These repeat sequences contribute 2-3 Mb to the Y chromosome. Novel Y chromosome-specific gene family was found embedded among these repeat sequences. This gene family encodes a putative protein with a RING finger motif and is expressed specifically in male sexual organs.|Okada et al 2011|9 (haploid)|x|U/V|V|U|Heteromorphic|Okada et al 2000|marchantia_polymorpha
Angiosperms|Eudicots|Malpighiales|Euphorbiaceae|Accepted|Mercurialis annua|L.|1.33|Dioecy|Testing of the male specificity in sequences isolated using RNAseq and genome capture; sequencing of corresponding BACs from Y-chromosome; isolation of candidate sex determining genes|Dioeciousness is controlled by three genes. Maleness depends on two complementary genes A and one of the B genes. Male strength (sensitivity to feminizing hormones) depends on the number of dominant B genes. Dominant A, or dominant B alone induces femaleness. Exogenous auxins induce staminate flowers on female nodes; cytokinins induce pistillate flowers on male plants. Endogenous auxin and cytokinins were measured (HPLC/GC/MS) in isogenic lines constructed for the allelic combinations of sex genes. Role of phytohormones in sex determination|Durand and Durand 1991|16|2x|Male heterogamety|XY|XX|Homomorphic|Veltsos et al 2018|mercurialis_annua
Angiosperms|Eudicots|Malpighiales|Euphorbiaceae|Accepted|Mercurialis annua|L.|1.33|Dioecy|Testing of the male specificity in sequences isolated using RNAseq and genome capture; sequencing of corresponding BACs from Y-chromosome; isolation of candidate sex determining genes|In the study populations of Durand and Durand, dioeciousness was controlled by three genes. Maleness depended mainly on the presence of dominant allele in locus A and but homozygous recessive status in two complemetary loci (B1and B2) was able to provoke femaleness. Male strength (sensitivity to feminizing hormones) depended on the number of dominant alleles in B genes. Exogenous auxins induce staminate flowers on female nodes; cytokinins induce pistillate flowers on male plants. Endogenous auxin and cytokinins were measured (HPLC/GC/MS) in isogenic lines constructed for the allelic combinations of sex genes. Role of phytohormones in sex determination was described. Current interpretation of the results by Duran and Durand 1991 can be that A locus represents the XX/XY system while two B loci were autosomal modifiers of sex expression.|Durand and Durand 1991|16|2x|Male heterogamety|XY|XX|Homomorphic|Veltsos et al 2018|mercurialis_annua
Angiosperms|Eudicots|Malpighiales|Euphorbiaceae|Accepted|Mercurialis annua|L.|1.33|Dioecy|Testing of the male specificity in sequences isolated using RNAseq and genome capture; sequencing of corresponding BACs from Y-chromosome; isolation of candidate sex determining genes|A single locus sex determination with dominant male and recessive female allele. The SDR content mapped and estimated, 17 new single or low-copy Y-linked markers discovered. SDR lenght about 14.5 Mb.|Veltsos et al 2018|16|2x|Male heterogamety|XY|XX|Homomorphic|Veltsos et al 2018|mercurialis_annua
Angiosperms|Eudicots|Malpighiales|Euphorbiaceae|Accepted|Mercurialis annua|L.||Monoecy and androdioecy|Intraspecific crosses between androsioecious and dioecious clade|||48|6x|Male heterogamety (hermaphrodites are modified Females)|||Homomorphic|Russell and Pannell 2015|mercurialis_annua
Angiosperms|Eudicots|Malpighiales|Euphorbiaceae|Accepted|Mercurialis perennis|L.|3.05|Dioecy|Dioecy and sexual dimorphism reported|||64|8x, 10x||||Homomorphic|Vandepitte et al 2009|mercurialis_perennis
Angiosperms|Eudicots|Cucurbitales|Cucurbitaceae|Accepted|Momordica cochinchinensis|(Lour.) Spreng.||Dioecy|Dioecy and karyotypes suggesting absence of heteromorphic sex chromosomes reported|||28|||||Homomorphic|Bharathi et al 2011|momordica_cochinchinensis
Angiosperms|Eudicots|Cucurbitales|Cucurbitaceae|Accepted|Momordica cymbalaria|Hook. f.||Dioecy|Dioecy and karyotypes suggesting absence of heteromorphic sex chromosomes reported|||18|2x||||Homomorphic|Bharathi et al 2011|momordica_cymbalaria
Angiosperms|Eudicots|Cucurbitales|Cucurbitaceae|Accepted|Momordica dioica|Roxb. ex Willd.||Dioecy|ISSR based SCAR marker|22 kD polypeptide (p-22) in the female sex which was not detected in its male counterpart. Variation in the intensity of 29 kD and 32 kD (found in male) polypeptides of male and female sex forms suggests that the interplay of these two sex linked polypeptides may be a contributing factor in controlling sex mechanism of dioecious Momordica dioica.|Sinha et al 2001|28|2x|Male heterogamety|XY|XX|Homomorphic|Mohanty et al 2016|momordica_dioica
Angiosperms|Eudicots|Cucurbitales|Cucurbitaceae|Accepted|Momordica dioica|Roxb. ex Willd.||Dioecy|ISSR based SCAR marker|22 kD polypeptide (p-22) in the female sex which was not detected in its male counterpart. Variation in the intensity of 29 kD and 32 kD (found in male) polypeptides of male and female sex forms suggests that the interplay of these two sex linked polypeptides may be a contributing factor in controlling sex mechanism of dioecious Momordica dioica.|Sinha et al 2001|28|2x|Male heterogamety|XY|XX|Homomorphic|Mohanty et al 2016|momordica_dioica
Angiosperms|Eudicots|Cucurbitales|Cucurbitaceae|Unresolved||||Dioecy|Dioecy and karyotypes suggesting absence of heteromorphic sex chromosomes reported|||28.0|2x||||Homomorphic|Bharathi et al 2011|momordica_sahyadrica
Angiosperms|Eudicots|Cucurbitales|Cucurbitaceae|Accepted|Momordica subangulata|Blume||Dioecy|Dioecy and karyotypes suggesting absence of heteromorphic sex chromosomes reported|||56.0|4x||||Homomorphic|Bharathi et al 2011|momordica_subangulata
Angiosperms|Eudicots|Fagales|Myricaceae|Accepted|Myrica rubra|Siebold & Zucc.|0.65|Dioecy|Male and female genome assembly; female heterogamety proved by genetic mapping; detailed analysis of the Z and W specific regions; identification of candidate genes for sex determination|||16.0|2x|Female heterogamety|ZZ|ZW|Homomorphic|Jia et al 2019|myrica_rubra
Angiosperms|Eudicots|Magnoliales|Myristicaceae|Accepted|Myristica fragrans|Houtt.|2.4|Dioecy|RAPD based female specific marker identified; further confirmation necessary|||42.0|2x|Female heterogamety|ZZ|ZW|Homomorphic|Shibu et al 2000|myristica_fragrans
Bryophytes/mosses|Bryophyta|Orthotrichales|Orthotrichaceae|Synonym|Orthotrichum obtusifolium|Brid.||Dioecy|ISSR markers for U and V chromosomes|||36.0||||||Milewicz and Sawicki 2011|nyholmiella_obtusifolia
Angiosperms|Monocots|Pandanales|Pandanaceae|||L.||Dioecy|RAPD based SCAR marker|||||Male heterogamety|XY|XX||Vinod et al 2007|pandanus_fascicularis
Angiosperms|Monocots|Arecales|Arecaceae|Accepted|Phoenix dactylifera|L.|1.68|Dioecy|SSR markers|Tormozembryo Defective (TOZ19) gene present in the unplaced genomic scaffold (DPV01 pds000016). TOZ19 gene has sex-linked SNPs. Because these two genes clustered in a sex-chromosome (X and Y) specific way, therefore they have the potential to be used as a marker of early stage plant sex-determination.|Ali et al 2017|36.0|2x|Male heterogamety|XY|XX|Homomorphic|Cherif et al 2013|phoenix_dactylifera
Angiosperms|Monocots|Arecales|Arecaceae|Accepted|Phoenix dactylifera|L.|1.68|Dioecy|SSR markers|Three SSR markers (mPdIRDP80, mPdIRDP50 and mPdIRDP52) are potentially sex-linked.|Cherif et al 2012|36.0|2x|Male heterogamety|XY|XX|Homomorphic|Cherif et al 2013|phoenix_dactylifera
Angiosperms|Monocots|Arecales|Arecaceae|Accepted|Phoenix dactylifera|L.|1.68|Dioecy|SSR markers|Phylogenetic analysis of a date palm sex-linked PdMYB1 gene in these species has revealed that sex-linked alleles have not clustered in a species-dependent way but rather in X and Y-allele clusters.|Cherif et al 2016|36.0|2x|Male heterogamety|XY|XX|Homomorphic|Cherif et al 2013|phoenix_dactylifera
Angiosperms|Monocots|Arecales|Arecaceae|Accepted|Phoenix dactylifera|L.|1.68|Dioecy|SSR markers|Sex-determination region is present in the telomeric region and linkage group 12. Genetic recombination is not fully suppressed in the sex chromosome.|Mathew et al 2014|36.0|2x|Male heterogamety|XY|XX|Homomorphic|Cherif et al 2013|phoenix_dactylifera
Angiosperms|Monocots|Arecales|Arecaceae|Accepted|Phoenix dactylifera|L.|1.68|Dioecy|SSR markers|The pivotal sex determination region of Y chromosome contains Date-SRY gene.|Mohei et al 2017|36|2x|Male heterogamety|XY|XX|Homomorphic|Cherif et al 2013|phoenix_dactylifera
Angiosperms|Monocots|Arecales|Arecaceae|Accepted|Phoenix dactylifera|L.|1.68|Dioecy|SSR markers|Results of genus wide study: CYP703 and GPAT3, two single copy genes present in males and critical for male flower development in other monocots, were absent in females. A LOG-like gene appears translocated into the Y-linked region and is suggested to play a role in suppressing female flowers.|Torres et al 2018|36|2x|Male heterogamety|XY|XX|Homomorphic|Cherif et al 2013|phoenix_dactylifera
Angiosperms|Monocots|Arecales|Arecaceae|Accepted|Phoenix rupicola|T.Anderson|3.00|Dioecy|Genus-wide DNAseq; search for sex specific k-mers|Results of genus wide study: CYP703 and GPAT3, two single copy genes present in males and critical for male flower development in other monocots, were absent in females. A LOG-like gene appears translocated into the Y-linked region and is suggested to play a role in suppressing female flowers.|Torres et al 2018|36|2x|Male heterogamety|XY|XX|Homomorphic|Torres et al 2018|phoenix_rupicola
Gymnosperms|Pinophyta|Pinales|Pinaceae|Synonym|Pinus cembroides var. bicolor|Little|63.2|Dioecy|Dioecy reported|||24|2x|||||Flores-Rentería et al 2013|pinus_johannis
Angiosperms|Eudicots|Piperales|Piperaceae|Accepted|Piper betle|L.|1.50 (4x)|Dioecy|AFLP marker|Reports two male associated AFLP markers|Goyat et al 2019|45, 48, 52, 56, 64, 72|Variable|Male heterogamety||||Goyat et al 2019|piper_betle
Angiosperms|Eudicots|Piperales|Piperaceae|Accepted|Piper longum|L.|1.40 (4x)|Dioecy|RAPD markers|Reports two male associated RAPD markers|Banerjee et al 1999|52||Male heterogamety||||Banerjee et al 1999|piper_longum
Angiosperms|Eudicots|Sapindales|Anacardiaceae|Accepted|Pistacia chinensis|Bunge||Dioecy|RAPD based SCAR marker|Ten different proteins were differentially expressed in male and female plant of P. chinensis. Six of them were identified and characterized. Differentially expressed proteins were NB-ARC domain, chlorophyll a/b binding protein, eukaryotic translation initiation protein, phosphoglycerate kinase, temperature induced lipocalin, ascorbate peroxidase.|Xiong et al 2013|||Female heterogamety|ZZ|ZW|Heteromorphic?|Sun et al 2014|pistacia_chinensis
Angiosperms|Eudicots|Sapindales|Anacardiaceae|Accepted|Pistacia vera|L.||Dioecy|Molecular cytogenetics|HC1 pair (compatible with ZW sex chromosomes) enriched in the pistachio specific satellite PIVE-40. PIVE-40 is a 43 bp monomer, probably arranged in higher order repeats (HORs) of two units.|Sola-Campoy et al 2015|32|2x|Female heterogamety|ZZ|ZW|Heteromorphic|Sola-Campoy et al 2015|pistacia_vera
Angiosperms|Eudicots|Sapindales|Anacardiaceae|Accepted|Pistacia vera|L.||Dioecy|Molecular cytogenetics|HC1 pair (compatible with ZW sex chromosomes) enriched in the pistachio specific satellite PIVE-40. PIVE-40 is a 43 bp monomer, probably arranged in higher order repeats (HORs) of two units.|Sola-Campoy et al 2015|32|2x|Female heterogamety|ZZ|ZW|Heteromorphic|Sola-Campoy et al 2015|pistacia_vera
Angiosperms|Eudicots|Sapindales|Anacardiaceae|Accepted|Pistacia vera|L.||Dioecy|Molecular cytogenetics|HC1 pair (compatible with ZW sex chromosomes) enriched in the pistachio specific satellite PIVE-40. PIVE-40 is a 43 bp monomer, probably arranged in higher order repeats (HORs) of two units.|Sola-Campoy et al 2015|32|2x|Female heterogamety|ZZ|ZW|Heteromorphic|Sola-Campoy et al 2015|pistacia_vera
Angiosperms|Monocots|Poales|Poaceae|Accepted|Poa arachnifera|L.||Dioecy|AFLP marker based genetic mapping|Two AFLP markers (txbg7 and txbg154) mapped equidistantly (9.5 cM) on opposite sides of the dioecy locus (PDio1) on the paternal map.|Renganayaki et al 2005|42, 84, 63, 56, 54||||||Renganayaki et al 2005|poa_arachnifera
Gymnosperms|Pinophyta|Pinales|Podocarpaceae|Accepted|Podocarpus longifoliolatus|Pilg.||Dioecy|Cytogenetic investigation|Orthologs of MADS-box gene AGAMOUS (AG) in P. reichei related with female cone develoment is called PodAG|Englund et al 2011|37, 38|2x|Male heterogamety|X1 X2 Y|X1 X1 X2 X2|Heteromorphic|Hair et al 1958 reviewed by Ohri and Rastogi 2019|podocarpus_longifoliolatus
Gymnosperms|Pinophyta|Pinales|Podocarpaceae|Accepted|Podocarpus macrophyllus|(Thunb.) Sweet||Dioecy|Cytogenetic investigation|||37, 38|2x|Male heterogamety|X1 X2 Y|X1 X1 X2 X2|Heteromorphic|Hizume et al 1988 reviewed by Ohri and Rastogi 2019|podocarpus_macrophyllus
Angiosperms|Eudicots|Malpighiales|Salicaceae|Accepted|Populus alba|L.||Dioecy|Genetic mapping of SSR and RAPD based marker|Genetic map shown by Tuskan et al. as unpublished data by Gaudet et al. suggest that male heterogamety (XX/XY sex determination) can be present in some populations of P. alba|Tuskan et al 2012|38|2x|Female heterogamety (confirmation necessary)|ZZ (or XY)|ZW (or XX)|Homomorphic|Paolucci et al 2010|populus_alba
Angiosperms|Eudicots|Malpighiales|Salicaceae|Accepted|Populus balsamifera|L.|1.08|Dioecy|Genome wide association study (GWAS)|Sex detetermining region (SDR) consists of 13 genes with differentiated X and Y copies. Gender-specific marked pattern of methylation is found only in PbRR9 gene a member of two component response regulator gene family which regulates cytokinin signalling.|Bräutigam et al 2017|38|2x|Male heterogamety|XY|XX||Geraldes et al 2015|populus_balsamifera
Angiosperms|Eudicots|Malpighiales|Salicaceae|Accepted|Populus balsamifera|L.|1.08|Dioecy|Genome wide association study (GWAS)|About 650 SNPs are associated with sex-linked region which is about 100 kb.|Geraldes et al 2015|38|2x|Male heterogamety|XY|XX||Geraldes et al 2015|populus_balsamifera
Angiosperms|Eudicots|Malpighiales|Salicaceae|Accepted|Populus deltoides|Marshall||Dioecy|Genome wide association study|||38|2x|Male heterogamety|XY|XX|Homomorphic|Geraldes et al 2015|populus_deltoides
Angiosperms|Eudicots|Malpighiales|Salicaceae|Accepted|Populus nigra|L.|1.03|Dioecy|Genome wide association study (GWAS)|Sex-linked region is about 100kb long and 650 SNPs (single neucleotide polymorphisms) are supposed be associated with sex determination.|Geraldes et al 2015|38|2x|Male heterogamety|XY|XX||Geraldes et al 2015|populus_nigra
Angiosperms|Eudicots|Malpighiales|Salicaceae|Accepted|Populus tomentosa|Carrière||Dioecy|Male associated RAPD marker|||38|2x|Male heterogamety|XY|XX|Homomorphic|Hou et al 2009|populus_tomentosa
Angiosperms|Eudicots|Malpighiales|Salicaceae|Accepted|Populus tremuloides|Michx.||Dioecy|Genetic mapping in an interspecific cross P. tremula L. (Brauna 11) x P. tremuloides Michx. (markers: SNPs and indels)|Sex-linked recombination-suppressed region is located at pericentromeric position of chromosome XIX -Sex-linked region was mapped with SNP and INDEL markers and it corresponds with two million base pair long homologous region in P. trichocarpa (containing 65 gene). -Three potential transcription factor genes and four genes responsible for flower development are localized in the sex-determining region. - Decreased gene density, accumulation of tandemly repeated sequences and LTR retrotransposon (mainly Athila lineages of Ty3/gypsy family) were detected in BAC sequence of the sex-determining region.|Kersten et al 2014|38|2x|Male heterogamety|XY|XX|Homomorphic|Kersten et al 2014|populus_tremuloides
Angiosperms|Eudicots|Malpighiales|Salicaceae|Accepted|Populus trichocarpa|Torr. & A.Gray ex Hook.||Dioecy|Genome wide association study (GWAS)|Sex associated SNPs were identified in P. trichocarpa. Genome wise association studies shows that P. trichocarpa is much more younger than most of the species from the genus Populus and the sex-linked region is about 100 kbp.|Geraldes et al 2015|38||Male heterogamety|XY|XX|Homomorphic|Geraldes et al 2015|populus_trichocarpa
Angiosperms|Eudicots|Malpighiales|Salicaceae|Accepted|Populus trichocarpa|Torr. & A.Gray ex Hook.||Dioecy|Genome wide association study (GWAS)|LTR retrotransposon (mainly Athila lineages of Ty3/gypsy family) are found in the BAC sequences of the sex-determining region.|Kersten et al 2014|38||Male heterogamety|XY|XX|Homomorphic|Geraldes et al 2015|populus_trichocarpa
Angiosperms|Eudicots|Malpighiales|Salicaceae|Accepted|Populus trichocarpa|Torr. & A.Gray ex Hook.||Dioecy|Genome wide association study (GWAS)|Sex determination region with suppressed recombination is located at peritelomeric region of chromosome XIX. It spans over two million bp and comprises about 65 genes. MADS box genes or homeotic. AGAMOUS orthologues gene, PTAG1 and PTAG2, three transcription factor genes, four genes related with flower development. Leucine-rich repeat (NBS–LRR) class of disease resistance genes and small microRNA are coincidently found in this sex determining region. PTD, a MADS box transcription factors belong to the family of DEFICIENS (DEF), sustain in stamen primordia but absent in carpel primordia.|Sheppard et al 2000|38||Male heterogamety|XY|XX|Homomorphic|Geraldes et al 2015|populus_trichocarpa
Angiosperms|Eudicots|Malpighiales|Salicaceae|Accepted|Populus trichocarpa|Torr. & A.Gray ex Hook.||Dioecy|Genome wide association study (GWAS)|A significantly higher amount of small microRNAs is found on the sex chromosome XIX.|Tuskan et al 2012|38||Male heterogamety|XY|XX|Homomorphic|Geraldes et al 2015|populus_trichocarpa
Angiosperms|Eudicots|Caryophyllales|Polygonaceae|Accepted|Rumex acetosa|L.||Dioecy|Cytogenetic analysis in mitosis and meiosis|||15, 14|2x|Male heterogamety|X Y1 Y2|XX|Heteromorphic|Kihara and Ono 1925|rumex_acetosa
Angiosperms|Eudicots|Caryophyllales|Polygonaceae|Accepted|Rumex acetosella|L.||Dioecy|Insterspecific cross with Rumex hastatulus (North Carolina)|||14|2x|Male heterogamety|XY|XX|Heteromorphic|Singh and Smith 1971|rumex_acetosella
Angiosperms|Eudicots|Caryophyllales|Polygonaceae|Synonym|Rumex acetosella subsp. angiocarpus|(Murb.) Murb.||Dioecy||||||Male heterogamety|XY|XX|Heteromorphic|Ming et al 2007|rumex_angiocarpus
Angiosperms|Eudicots|Caryophyllales|Polygonaceae|Accepted|Rumex graminifolius|Georgi ex Lamb.||Dioecy||||||Male heterogamety|XY|XX|Heteromorphic|Ming et al 2011|rumex_graminifolius
Angiosperms|Eudicots|Caryophyllales|Polygonaceae|Accepted|Rumex hastatulus|Baldwin||Dioecy|Cytogenetic analysis in mitosis and meiosis|Study of the differences between both races in R. hastatulus using FISH|Grabowska-Joachimiak et al 2015|9, 8|2x|Male heterogamety|X Y1 Y2|XX|Heteromorphic|Smith 1963|rumex_hastatulus
Angiosperms|Eudicots|Caryophyllales|Polygonaceae|Accepted|Rumex hastatulus|Baldwin||Dioecy|Cytogenetic analysis in mitosis and meiosis plus analysis of sex expression in plants with various ploidy|Study of the differences between both races in R. hastatulus using FISH|Grabowska-Joachimiak et al 2015|10|2x|Male heterogamety|XY|XX|Heteromorphic|Bartkowiak 1971|rumex_hastatulus
Angiosperms|Eudicots|Caryophyllales|Polygonaceae|Accepted|Rumex hastatulus|Baldwin||Dioecy|Cytogenetic analysis in mitosis and meiosis|Evolution of RAE180 satellite DNA family: TX2/NC2 subfamily is the most abundant|Quesada del Bosque et al 2011|9, 8|2x|Male heterogamety|X Y1 Y2|XX|Heteromorphic|Smith 1963|rumex_hastatulus
Angiosperms|Eudicots|Caryophyllales|Polygonaceae|Accepted|Rumex hastatulus|Baldwin||Dioecy|Cytogenetic analysis in mitosis and meiosis plus analysis of sex expression in plants with various ploidy|Evolution of RAE180 satellite DNA family: TX1/NC1 subfamily is the most abundant|Quesada del Bosque et al 2011|10|2x|Male heterogamety|XY|XX|Heteromorphic|Bartkowiak 1971|rumex_hastatulus
Angiosperms|Eudicots|Caryophyllales|Polygonaceae|Accepted|Rumex intermedius|DC.||Dioecy|Study of the sequence accumulated on Y in R. acetosa (Souther blot and sequencing); sex specificity confirmed|Common Ys specific satellite DNAs RAYSI are present Rumex species in Acetosa section|Jamilena et al 2008|15, 14|2x|Male heterogamety|X Y1 Y2|XX|Heteromorphic|Navajas-Pérez et al 2006|rumex_intermedius
Angiosperms|Eudicots|Caryophyllales|Polygonaceae|Accepted|Rumex nivalis|Hegetschw.||Dioecy|AFLP based SCAR marker|RnY - male specific product amplified by SCAR primers based on isolated and sequenced male-specific fragments as identified in an AFLP analysis.|Stehlik and Blattner 2004|15, 14|2x|Male heterogamety|X Y1 Y2|XX|heteromorphic|Stehlik and Blattner 2004|rumex_nivalis
Angiosperms|Eudicots|Caryophyllales|Polygonaceae|Synonym|Rumex thyrsiflorus subsp. papillaris|(Boiss. & Reut.) Sagredo & Malag.||Dioecy|Cytogenetic analysis in mitosis with FISH|Y chromosomes are the longest in the karyotype and appear heterochromatic due to the accumulation of at least two satellite DNA families, RAE180 and RAYSI, the Y1 and Y1 chromosomes show similar patterns of repeats in FISH (in contrast to Y1 and Y2 in Rumex acetosa)|Navajas-Pérez et al 2009|15, 14|2x|Male heterogamety|X Y1 Y2|XX|Heteromorphic|Navajas-Pérez et al 2009|rumex_papillaris
Angiosperms|Eudicots|Caryophyllales|Polygonaceae|Accepted|Rumex paucifolius|Nutt.||Dioecy||||||Male heterogamety|XY|XX|Heteromorphic|Ming et al 2011|rumex_paucifolius
Angiosperms|Eudicots|Caryophyllales|Polygonaceae|Unresolved||Aarons.||Dioecy||||15, 14|2x|Male heterogamety|X Y1 Y2|XX|Heteromorphic|Degreave 1976 cited by Beaudry et al 2017|rumex_rothschildianus
Angiosperms|Eudicots|Caryophyllales|Polygonaceae|Accepted|Rumex suffruticosus|J.Gay ex Meisn.||Dioecy|Study of the meiotic pairing using electron microscopy|Common Ys specific satellite DNAs RAYSI are absent.|Jamilena et al 2008|16|2x|Male heterogamety|XY|XX|Heteromorphic|Cuñado et al 2007|rumex_suffruticosus
Angiosperms|Eudicots|Caryophyllales|Polygonaceae|Synonym|Rumex acetosella|L.||Dioecy|Insterspecific cross with Rumex hastatulus (North Carolina)|||||Male heterogamety|XY|XX|Heteromorphic|Singh and Smith 1971|rumex_tenuifolius
Angiosperms|Eudicots|Caryophyllales|Polygonaceae|Accepted|Rumex thyrsiflorus|Fingerh.||Dioecy|Cytogenetic analysis in mitosis and meiosis|RAYSII specific product for R. thyrsiflorus - 600bp,differed from the common product of RAYSII by of a large indel with a length of 110 bp. This fragment may serve as a species-specific molecular marker.|Grabowska-Joachimiak, et al 2012|15, 14|2x|Male heterogamety|X Y1 Y2|XX|Heteromorphic|Zuk 1970|rumex_thyrsiflorus
Angiosperms|Eudicots|Caryophyllales|Polygonaceae|Accepted|Rumex thyrsiflorus|Fingerh.||Dioecy|Cytogenetic analysis in mitosis and meiosis|X/A ratio based sex determining mechanism similar to Rumex acetosa; importance of Y chromosomes for pollen fertility; no visible problem in meiosis in males without Y chromosomes|Zuk 1970|15, 14|2x|Male heterogamety|X Y1 Y2|XX|Heteromorphic|Zuk 1970|rumex_thyrsiflorus
Angiosperms|Eudicots|Caryophyllales|Polygonaceae|Accepted|Rumex thyrsoides|Desf.||Dioecy|Study of the sequence accumulated on Y in R. acetosa (Souther blot and sequencing); sex specificity confirmed|Common Ys specific satellite DNAs RAYSI are present|Navajas-Pérez et al 2006|||Male heterogamety|X Y1 Y2|XX|Heteromorphic|Navajas-Pérez et al 2006|rumex_thyrsoides
Angiosperms|Eudicots|Caryophyllales|Polygonaceae|Accepted|Rumex tuberosus|L.||Dioecy|Study of the sequence accumulated on Y in R. acetosa (Souther blot and sequencing); sex specificity confirmed|Common Ys specific satellite DNAs RAYSI are present|Navajas-Pérez et al 2006|||Male heterogamety|X Y1 Y2|XX|Heteromorphic|Navajas-Pérez et al 2006|rumex_tuberosus
Angiosperms|Monocots|Alismataceae|Alismatales|Accepted|Sagittaria latifolia|Willd.||Monoecy and dioecy|Study of sex ratios in intraspecific crosses (involving females, males, inconstant males and monoecious plants)|Non-recombining region of the Y chromosome contains separate factors for male fertility and female sterility.|Ironside 2010|22|2x|Male heterogamety|XY|XX||Dorken and Barrett 2003|sagittaria_latifolia
Angiosperms|Eudicots|Malpighiales|Salicaceae|Accepted|Salix purpurea|L.||Dioecy|Genetic mapping; genome wide association analysis; DNAseq|Sex determining region (SDR) is 2 Mb pericentromeric region of Chr 15.|Carlson et al 2017|38|2x|Female heterogamety|ZZ|ZW|Homomorphic|Zhou et al 2018|salix_purpurea
Angiosperms|Eudicots|Malpighiales|Salicaceae|Accepted|Salix purpurea|L.||Dioecy|Genetic mapping; genome wide association analysis; DNAseq|Two female-specific scaffolds that likely represent W-chromosome-specific sequence. We show that genes located in the SD region display a mild excess of male-biased expression in sex-specific tissue.|Pucholt et al 2017|38|2x|Female heterogamety|ZZ|ZW|Homomorphic|Zhou et al 2018|salix_purpurea
Angiosperms|Eudicots|Malpighiales|Salicaceae|Accepted|Salix purpurea|L.||Dioecy|Genetic mapping; genome wide association analysis; DNAseq|SDR (sex determining region) on Chr 15 of S. purpurea (10.7–15.3 Mb) characterised, with high repeat abundance. A portion of the SDR in S. purpurea is homologous to the SDR in S. suchowensis. Tandemly duplicated kinesin-like genes in the SDR. The SDR contains 20 genes that have > 70% female-specific sequence (read coverage in the female, but not the male), and many of these genes also show sex-biased expression in developing stem tissue in S. purpurea.|Zhou et al 2018|38|2x|Female heterogamety|ZZ|ZW|Homomorphic|Zhou et al 2018|salix_purpurea
Angiosperms|Eudicots|Malpighiales|Salicaceae|Accepted|Salix suchowensis|W.C. Cheng ex G.H. Zhu||Dioecy|Genetic mapping; DNAseq|Based on the established genetic maps, it was found that the gender of willow was determined by a single locus on linkage group LG_03, and the female was the heterogametic gender. Aligned with mapped SSR markers, linkage group LG_03 was found to be associated with chromosome XV in willow.|Chen et al 2016|38|2x|Female heterogamety|ZZ|ZW|Homomorphic|Hou et al 2015|salix_suchowensis
Angiosperms|Eudicots|Malpighiales|Salicaceae|Accepted|Salix suchowensis|W.C. Cheng ex G.H. Zhu||Dioecy|Genetic mapping; DNAseq|Single-locus sex determination associated with the chromosome XV. Severe recombination suppression around the gender locus.|Hou et al 2015|38|2x|Female heterogamety|ZZ|ZW|Homomorphic|Hou et al 2015|salix_suchowensis
Angiosperms|Eudicots|Malpighiales|Salicaceae|Accepted|Salix suchowensis|W.C. Cheng ex G.H. Zhu||Dioecy|Genetic mapping; DNAseq|In shrub willow, the gender locus is located on chromosome XIX and 33 genes of this chromosome are differentially expressed in male and female.|Liu et al 2013|38|2x|Female heterogamety|ZZ|ZW|Homomorphic|Hou et al 2015|salix_suchowensis
Angiosperms|Eudicots|Malpighiales|Salicaceae|Accepted|Salix viminalis|L.||Dioecy|Genetic mapping (SNP markers)|Sex-specific tissues show different gene expression for SD region in males and females|Darolti et al 2018|38|2x|Female heterogamety|ZZ|ZW|Homomorphic|Pucholt et al, 2015|salix_viminalis
Angiosperms|Eudicots|Malpighiales|Salicaceae|Accepted|Salix viminalis|L.||Dioecy|Genetic mapping (SNP markers)|Recombination suppressed sex determining (SD) region localized on chromosome XV. Sex-specific SNPs densities of SD region is higher in females compared to males.|Pucholt et al 2017|38|2x|Female heterogamety|ZZ|ZW|Homomorphic|Pucholt et al, 2015|salix_viminalis
Angiosperms|ANA grade|Austrobaileyales|Schisandraceae|Synonym|Schisandra repanda|(Siebold & Zucc.) Radlk.||Dioecy|Male associated (RAPD based) SCAR marker|||||Male heterogamety||||Jung et al 2001|schisandra_nigra
Angiosperms|Eudicots|Caryophyllales|Caryophyllaceae|Accepted|Silene borysthenica|(Gruner) Walters||Dioecy|Genetic mapping (SNP markers ; RNAseq based)|Mapping of the sex determining region to linkage group 3 (as in S.otites).|Balounová et al 2019|24|2x|Female heterogamety|ZZ|ZW||Balounová et al 2019|silene_borysthenica
Angiosperms|Eudicots|Caryophyllales|Caryophyllaceae|Accepted|Silene colpophylla|Wrigley||Dioecy|Genetic mapping (AFLP based markers)|Genes showing no recombinants with sex-determining region in the mapping population: colpXS_16839, colpYS_10497, colpYS_12469, colpYS_14201, colpYS_15390,colpYS_18199, colpYS_18468, colpYT_19195, colpYS_24813, colpYS_25642, colpYS_4053, colpYS_4711, colpYT_50424, colpYS_7668, colpYS_8617, colpYS_8940|Balounova et al 2019|24|2x|Male heterogamety|XY|XX|Homomorphic|Mrackova et al 2008|silene_colpophylla
Angiosperms|Eudicots|Caryophyllales|Caryophyllaceae|Accepted|Silene colpophylla|Wrigley||Dioecy|Genetic mapping (AFLP based markers)|||24|2x|Male heterogamety|XY|XX|Homomorphic|Mrackova et al 2008|silene_colpophylla
Angiosperms|Eudicots|Caryophyllales|Caryophyllaceae|Accepted|Silene diclinis|(Lag.) M.Laínz||Dioecy|Cytogenetic analysis in mitosis with FISH|||24, 25|2x|Male heterogamety|X1 X2 Y1 Y2|X1 X1 X2 X2|Heteromorphic|Howell et al 2009|silene_diclinis
Angiosperms|Eudicots|Caryophyllales|Caryophyllaceae|Accepted|Silene dioica|(L.) Clairv.||Dioecy|Cytogenetic analysis in mitosis and meiosis|SdX9 - this gene from S. dioica possibly introgressed to the chromosome of Silene latifolia.|Kaiser et al 2011|24|2x|Male heterogamety|XY|XX|Heteromorphic|Blackburn 1924|silene_dioica
Angiosperms|Eudicots|Caryophyllales|Caryophyllaceae|Accepted|Silene dioica|(L.) Clairv.||Dioecy|Cytogenetic analysis in mitosis and meiosis|dddRADseq based mapping in F2 hybrids between S. latifolia and S. dioica; dense genetic maps|Liu et al 2018|24|2x|Male heterogamety|XY|XX|Heteromorphic|Blackburn 1924|silene_dioica
Angiosperms|Eudicots|Caryophyllales|Caryophyllaceae|Accepted|Silene dioica|(L.) Clairv.||Dioecy|Cytogenetic analysis in mitosis and meiosis|SdAP3A, SdAP3Y - higly similar to Silene latifolia.|Matsunaga et al 2003|24|2x|Male heterogamety|XY|XX|Heteromorphic|Blackburn 1924|silene_dioica
Angiosperms|Eudicots|Caryophyllales|Caryophyllaceae|Accepted|Silene heuffelii|Soó||Dioecy|Sequencing of the homolog of the gene showing X and Y linked alleles in the related species|||24|2x|Male heterogamety|XY|XX|Heteromorphic|Ironside and Filatov 2005|silene_heuffelii
Angiosperms|Eudicots|Caryophyllales|Caryophyllaceae|Accepted|Silene latifolia|Poir.||Dioecy|Cytogenetic analysis in mitosis|||24|2x|Male heterogamety|XY|XX|Heteromorphic|Blackburn 1923|silene_latifolia
Angiosperms|Eudicots|Caryophyllales|Caryophyllaceae|Accepted|Silene marizii|Samp.||Dioecy|Sequencing of the homologs of the genes showing X and Y linked alleles in the related species|||24|2x|Male heterogamety|XY|XX|Heteromorphic|Marais et al 2011|silene_marizii
Angiosperms|Eudicots|Caryophyllales|Caryophyllaceae|Accepted|Silene otites|(L.) Wibel|5.15|Dioecy|Genetic mapping (AFLP and SSR based markers)|RNAseq based analysis confirmed female heterogamety (ZW/ZZ), fylogenetic analyses suggest that female heterogamety was original sex determining system in the section Otites, complete sex linkage in several genes confirmed by linkage disequilibrium with sexual phenotype in natural populations.|Balounová et al 2019|24|2x|Female heterogamety|ZZ|ZW|Homomorphic|Slancarova et al 2013|silene_otites
Angiosperms|Eudicots|Caryophyllales|Caryophyllaceae|Accepted|Silene otites|(L.) Wibel|5.15|Dioecy|Genetic mapping (AFLP and SSR based markers)|RNAseq based analysis confirmed female heterogamety (ZW/ZZ) but simultaneously showed presend of the locus causing male-specific lethality in homozygous state; signs of dosage compensation detected in S.otites|Martin et al 2019|24|2x|Female heterogamety|ZZ|ZW|Homomorphic|Slancarova et al 2013|silene_otites
Angiosperms|Eudicots|Caryophyllales|Caryophyllaceae|Accepted|Silene pseudotites|Besser ex Reichenb.||Dioecy|Genetic mapping (SNP based markers)|Sex determining region mapped on the linkage group 6.||24|2x|Male heterogamety|XY|XX|Homomorphic|Martin et al 2019|silene_pseudotites
Angiosperms|Eudicots|Caryophyllales|Caryophyllaceae|Accepted|Silene wolgensis|(Hornem.) Otth||Dioecy|Deduction based on the current data in related species and previous data (sex ratios in inter-specific crossess)|||24|2x|Female heterogamety|ZZ|ZW||Balounová et al 2019|silene_wolgensis
Angiosperms|Eudicots|Sapindales|Simaroubaceae|Synonym|Simarouba amara|Aubl.|2.05|Dioecy|RAPD based SCAR marker|||32|2x|Male heterogamety|ZZ|ZW|Homomorphic|Baratakke and Patil 2014|simarouba_glauca
Angiosperms|Eudicots|Caryophyllales|Simmondsiaceae|Accepted|Simmondsia chinensis|(Link) C.K. Schneid.||Dioecy|ISSR based SCAR marker (samples from multiple natural populations)|Male sex-linked RAPD marker - one random decamer primer, OPG-5, produced a unique ∼1,400 bp fragment in male DNA.|Agrawal et al 2007|52|2x|Male heterogamety|||Homomorphic|Jangra et al 2014|simmondsia_chinensis
Angiosperms|Eudicots|Caryophyllales|Simmondsiaceae|Accepted|Simmondsia chinensis|(Link) C.K. Schneid.||Dioecy|ISSR based SCAR marker (samples from multiple natural populations)|Male specific Sex-linked RAPD marker - two primers ISSR848 and VIS11 generated unique male sex specific bands of ~1,500 and ~1,300 bp which were consecutively present in all the male genotypes and absent in all the respective female genotypes.|Heikrujam et al 2014b|52|2x|Male heterogamety|||Homomorphic|Jangra et al 2014|simmondsia_chinensis
Angiosperms|Eudicots|Caryophyllales|Simmondsiaceae|Accepted|Simmondsia chinensis|(Link) C.K. Schneid.||Dioecy|ISSR based SCAR marker (samples from multiple natural populations)|RAPD sex-linked markers. Two primers - F1 and F10, produced 460 and 680 bp fragments, to distinguish between female and male plants.|Hosseini et al 2011|52|2x|Male heterogamety|||Homomorphic|Jangra et al 2014|simmondsia_chinensis
Angiosperms|Eudicots|Caryophyllales|Simmondsiaceae|Accepted|Simmondsia chinensis|(Link) C.K. Schneid.||Dioecy|ISSR based SCAR marker (samples from multiple natural populations)|Male and female sex-linked CAPS marker - early determination of sex by CAPS assay. Association to female sex could be caused by fact that the males and females were probably genetically related (X-linkage in father).|Ince and Karaca 2011|52|2x|Male heterogamety|||Homomorphic|Jangra et al 2014|simmondsia_chinensis
Angiosperms|Eudicots|Caryophyllales|Simmondsiaceae|Accepted|Simmondsia chinensis|(Link) C.K. Schneid.||Dioecy|ISSR based SCAR marker (samples from multiple natural populations)|Male sex-specific ISSR marker, UBC- 807 1200.|Heikrujam et al 2014a|52|2x|Male heterogamety|||Homomorphic?|Jangra et al 2014|simmondsia_chinensis
Bryophytes/liverworts|Bryophyta|Sphaerocarpales|Sphaerocarpaceae|Accepted|Sphaerocarpos donnellii|Austin||Dioecy|Cytogenetic analysis in mitosis and meiosis|X chromosome is larger than Y or autosomes but shows only mild AT enrichment|Meyer and Herrmann 1973|8 (haploid)|x|U/V|V|U|Heteromorphic|Allen 1919|sphaerocarpos_donnellii
Bryophytes/liverworts|Bryophyta|Sphaerocarpales|Sphaerocarpaceae|Accepted|Sphaerocarpos texanus|Austin||Dioecy|Cytogenetic analysis in mitosis and meiosis|U- and V-chromosome specific markers based on RAPD.|McLetchie and Collins 2001|8 (haploid)|x|U/V|V|U|Heteromorphic|Schacke 1919|sphaerocarpos_texanus
Angiosperms|Eudicots|Caryophyllales|Amaranthaceae|Accepted|Spinacia oleracea|L.|2.09|Dioecy|Genetic mapping (AFLP and SSR based markers)|Inheritance of monoecy in Spinacia. modified X locus (causing monoecy) is recessive to Y and partially dominant to standard X|Janick and Stevenson 1955|12|2x|Male heterogamety|XY|XX|Homomorphic|Khattak et al 2006|spinacia_oleracea
Angiosperms|Eudicots|Caryophyllales|Amaranthaceae|Accepted|Spinacia oleracea|L.|2.09|Dioecy|Genetic mapping (AFLP and SSR based markers)|Genetic mapping supports existence of sex chromosomes in Spinacia oleracea (XX/XY)|Khattak et al 2006|12|2x|Male heterogamety|XY|XX|Homomorphic|Khattak et al 2006|spinacia_oleracea
Angiosperms|Eudicots|Caryophyllales|Amaranthaceae|Accepted|Spinacia oleracea|L.|2.09|Dioecy|Genetic mapping (AFLP and SSR based markers)|504 kbp of MSY sequence was identifed in a spinach BAC library, rich in repetitive DNA - containing Ty1-copia-like elements. Novel LTR retrotransposons SpRE1 ((Ty1-copia) and SpRE2 (LARD) were found.|Kudoh et al 2018|12|2x|Male heterogamety|XY|XX|Homomorphic|Khattak et al 2006|spinacia_oleracea
Angiosperms|Eudicots|Caryophyllales|Amaranthaceae|Accepted|Spinacia oleracea|L.|2.09|Dioecy|Genetic mapping (AFLP and SSR based markers)|RNAseq based map; 12 genes from MSY region identified|Okazaki et al 2019|12|2x|Male heterogamety|XY|XX|Homomorphic|Khattak et al 2006|spinacia_oleracea
Angiosperms|Eudicots|Caryophyllales|Amaranthaceae|Accepted|Spinacia oleracea|L.|2.09|Dioecy|Genetic mapping (AFLP and SSR based markers)|X-specifc sequence - SpoX marker identified.|Wadlington and Ming 2018|12|2x|Male heterogamety|XY|XX|Homomorphic|Khattak et al 2006|spinacia_oleracea
Angiosperms|Eudicots|Caryophyllales|Amaranthaceae|Accepted|Spinacia oleracea|L.|2.09|Dioecy|Genetic mapping (AFLP and SSR based markers)|Transcription factor gene (GIBBERELLIC ACID INSENSITIVE - SpGAI) - inflorescence expression in females two-fold higher than in males. Results implicate SpGAI as the feminizing factor in spinach.|West and Golenberg 2017|12|2x|Male heterogamety|XY|XX|Homomorphic|Khattak et al 2006|spinacia_oleracea
Angiosperms|Eudicots|Caryophyllales|Amaranthaceae|Accepted|Spinacia tetrandra|Steven ex M.Bieb.||Dioecy|Cytogenetic analysis in mitosis and meiosis plus analysis of sex expression in plants with various ploidy|||12|2x|Male heterogamety|XY|XX|Heteromorphic|Fujito et al 2015|spinacia_tetrandra
Bryophytes/liverworts|Bryophyta|Pottiales|Pottiaceae|Accepted|Syntrichia caninervis|Mitt.||Dioicy|||||||Y|X|Heteromorphic|Ramsay and Berrie 1982|syntrichia_caninervis
Gymnosperms|Pinophyta|Pinales|Taxaceae|Accepted|Taxus baccata|L.||Dioecy||MADS-box gene related with female cone develoment AGAMOUS (AG) orthologs name is TgAG.|Englund et al 2011|24|2x||||Homomorphic|Tomasino et al 2017|taxus_baccata
Angiosperms|Eudicots|Ranunculales|Ranunculaceae|Accepted|Thalictrum dioicum|L.|2.2|Dioecy||Floral MADS box genes and homeotic gender dimorphism is responsible for sex determination.|Di Stilio et al 2005||||XY|XX|Homomorphic|Di Stilio et al 2005|thalictrum_dioicum
Angiosperms|Eudicots|Ranunculales|Ranunculaceae|Accepted|Thalictrum fendleri|Engelm. ex A. Gray||Dioecy|Interspecific crosses and study of the progeny of selfed androhermaphrodite|||28, 56, 70||Male heterogamety|||Homomorphic|Kuhn 1930,1939 cited by Di Stilio et al 2005|thalictrum_fendleri
Angiosperms|Eudicots|Ranunculales|Ranunculaceae|Accepted|Thalictrum macrostylum|Shuttlew. ex Small & A. Heller||Dioecy||||||||||Penny 2014|thalictrum_macrostylum
Angiosperms|Eudicots|Cucurbitales|Cucurbitaceae|Synonym|Trichosanthes pilosa|Lour.||Dioecy||||22|2x|Male heterogamety|XY|XX||Ming et al 2011|trichosanthes_cucumervides
Angiosperms|Eudicots|Cucurbitales|Cucurbitaceae|Accepted|Trichosanthes dioica|Roxb.|5.8|Dioecy|Cytogenetic analysis metaphase with banding|ISSR based confirmation of male heterogamety in a wide collection of sampes from different localities|Adhikari et al 2014|22|2x|Male heterogamety|XY|XX|Homomorphic|De Sarker and Datta 1988|trichosanthes_dioica
Angiosperms|Eudicots|Cucurbitales|Cucurbitaceae|Accepted|Trichosanthes dioica|Roxb.|5.8|Dioecy|Cytogenetic analysis metaphase with banding|Using pooled DNA from male and female genotypes and 40 ISSR primers, a putative male specific marker TdMSM was produced. It was converted into a sequence tagged marker TdSTSM which could successfully amplify 720 bp product in male but not in the female.|Nanda et al 2012|22|2x|Male heterogamety|XY|XX|Homomorphic|De Sarker and Datta 1988|trichosanthes_dioica
Angiosperms|Eudicots|Cucurbitales|Cucurbitaceae|Accepted|Trichosanthes kirilowii|Maxim.||Dioecy|Cytogenetic analysis|||22.0|2x|Male heterogamety|XY|XX|Heteromorphic|Roy and Saran (1990) cited by Bhowmick and Jha 2015|trichosanthes_kirilowii
Angiosperms|Eudicots|Cucurbitales|Cucurbitaceae|Unresolved||||Dioecy||||22.0|2x|Male heterogamety|XY|XX||Ming et al 2011|trichosanthes_multiloba
Angiosperms|Eudicots|Cucurbitales|Cucurbitaceae|Synonym|Trichosanthes pilosa|Lour.||Dioecy||||22.0|2x|Male heterogamety|XY|XX|Heteromorphic|Ming et al 2011|trichosanthes_ovigera
Angiosperms|Eudicots|Malpighiales|Phyllanthaceae|Accepted|Uapaca kirkiana|Müll.Arg.||Dioecy|AFLP based SCAR marker|||26.0||Female heterogamety|ZZ|ZW|Homomorphic?|Mwase et al 2007|uapaca_kirkiana
Green algae|Clorophyta|Ulvales|Ulvaceae|||||Dioicy|Sequencing of the non-recombining region|Genomic next-generation sequencing data for mt− and mt+ strains identified highly rearranged MT loci of 1.0 and 1.5 Mb in size and containing 46 and 67 genes, respectively, including 23 gametologs.|Yamazaki et al 2017|||U/V|V|U|Homomorphic?|Yamazaki et al 2017|ulva_partita
Angiosperms|Eudicots|Brassicales|Caricaceae|Synonym|Vasconcellea pubescens|A.D.C.||Dioecy|Based on the study of the homologs of six papaya sex‐linked genes|||18.0|2x|Male heterogamety|XY|XX|Homomorphic|Wu et al 2010|vasconcellea_cundinammarcensis
Angiosperms|Eudicots|Brassicales|Caricaceae|Accepted|Vasconcellea goudotiana|Triana & Planch.||Dioecy|Based on the study of the homologs of six papaya sex‐linked genes|||18.0|2x|Male heterogamety|XY|XX|Homomorphic|Wu et al 2010|vasconcellea_geudotinana
Angiosperms|Eudicots|Brassicales|Caricaceae|Accepted|Vasconcellea parviflora|A. DC.||Dioecy|Cytogenetic analysis in mitosis and meiosis|More heterochromatin has accumulated in the V. parviflora MSY. The non-recombining region is visible as a loop in pachytene chromosomes.|Iovene et al 2015|18.0|2x|Male heterogamety|XY|XX|Homomorphic|Iovene et al 2015|vasconcellea_parviflora
Angiosperms|Eudicots|Brassicales|Caricaceae|Synonym|Carica pulchra|V.M.Badillo||Dioecy|Based on the study of the homologs of six papaya sex‐linked genes|||18.0|2x|Male heterogamety|XY|XX|Homomorphic|Wu et al 2010|vasconcellea_pulchera
Angiosperms|Eudicots|Santalales|Loranthaceae|Accepted|Viscum album|L.||Dioecy|Cytogenetic analysis in mitosis and meiosis|Sex chromosomes pair as bivalents in females but their form rings in males (because of reciprocal translocations); males are complex heterozygotes; the chromosomal ring consisting not from 10 but from 12 sex chromosomes occurs rarely|Barlow 1981|20.0|2x|Male heterogamety|X1 X2 X3 X4 X5 Y1 Y2 Y3 Y4 Y5|X1 X1 X2 X2 X3 X3 X4 X4 X5 X5|Homomorphic|Barlow 1981|viscum_album
Angiosperms|Eudicots|Santalales|Loranthaceae|Accepted|Viscum cruciatum|Sieber ex Boiss.||Dioecy|Cytogenetic analysis in mitosis and meiosis|Sex chromosomes pair as bivalents in females but their form rings in males (because of reciprocal translocations); males are complex heterozygotes; the chromosomal ring consisting not from 10 but from 12 sex chromosomes occurs rarely (similarly to V. album)|Aparicio 1992|20|2x|Male heterogamety|X1 X2 X3 X4 X5 Y1 Y2 Y3 Y4 Y5|X1 X1 X2 X2 X3 X3 X4 X4 X5 X5|Homomorphic|Aparicio 1993|viscum_cruciatum
Angiosperms|Eudicots|Santalales|Loranthaceae|Accepted|Viscum fischeri|Engl.||Dioecy|Cytogenetic analysis in mitosis and meiosis|Sex chromosomes pair as bivalents in females but their form rings in males (because of reciprocal translocations); males are complex heterozygotes|Barlow and Wiens 1979|22/23|2x|Male heterogamety|X1 X2 X3 X4 Y1 Y2 Y3 Y4 Y5|X1 X1 X2 X2 X3 X3 X4 X4|Homomorphic|Barlow and Wiens 1979|viscum_fischeri
Angiosperms|Eudicots|Vitales|Vitaceae|Accepted|Vitis cinerea|(Engelm.) Engelm. ex Millardet||Dioecy|Fine genetic mapping (SSR markers), sequencing of the male sex linked region via corresponging BAC detection and sequencing|Mapping based on the interspecific cross Vitis vinifera ssp vinifera (hermaphroditic; cv. V3125 (‘Schiava Grossa’ × ‘Riesling’) × hybrid (Vitis riparia x Vitis cinerea)cv. ‘Börner’ (male). Sex determining region is located on chromosome 2 and about 154.8kb long containing genes Sp/sp (control pollen development) and So/so (control carpel development). Trehalose phosphatase, exostosin and WRKY transcription factor in male alleles. Several genes related with flower sex formation are located in the region one, one is adenine phosphoribosyltransferase (APTs are known to also metabolize the plant hormone cytokinin). High resolution genetic map of the 143kb sex region on chromosome 2, female-sex marker in the APT sequence.|Fechter et al 2012|38|2x|Male heterogamety|XY|XX|Homomorphic|Fechter et al 2012|vitis_cinerea
Angiosperms|Eudicots|Vitales|Vitaceae|Unresolved||||Dioecy|Genetic mapping (SSR markers)|genetic mapping of the sex determining region based on the interspecific cross (Vitis vinifera CabernetSauvignon x Vitis riparia Gloire de Montpellier).|Marguerit et al2009|38|2x|Male heterogamety|XY|XX|Homomorphic|Marguerit et al 2009|vitis_riparia
Angiosperms|Eudicots|Vitales|Vitaceae|Accepted|Vitis vinifera|L.||Dioecy|Sex ratios in the interspecific crosses involving androhermaphrodites, males and females|VviFSEX - detected in petals, stamens and carpel primordia of all flower types, function unclear; female plants display a single allele for this gene, while male and hermaphrodites display two. VviAPRT3 - specific expressin in the carpel primordial of male plants suggests a possible role in the abortion of pistil structures. Marker for male plants.|Coito et al 2017|38|2x|Male heterogamety|XY|XX|Homomorphic|Negi and Olmo 1971|vitis_vinifera
Angiosperms|Eudicots|Vitales|Vitaceae|Accepted|Vitis vinifera|L.||Dioecy|Sex ratios in the interspecific crosses involving androhermaphrodites, males and females|It can be deduced that YY plants are viable|Negi and Olmo 1971|38|2x|Male heterogamety|XY|XX|Homomorphic|Negi and Olmo 1971|vitis_vinifera
Green algae|Clorophyta|Chlamydomonadales|Volvocaceae|||||Dioicy|RNAseq|||||U/V|V|U||Ferris et al 2010|volvox_carteri
Red algeae|Rhodophyta|Ceramiales|Wrangeliaceae|Accepted|Wrangelia argus|Mont.||Dioicy|Cytogenetic analysis in meiosis|||||U/V|V1 V2|U1 U2|Heteromorphic?|Rao 1971 cited by Chah et al 2004|wrangelia_argus
